Impossible to generate IR for TermMaxMarket._leverageByXt (contracts/v1/TermMaxMarket.sol#213-236):
 'NoneType' object has no attribute 'parameters'
Impossible to generate IR for TermMaxMarket._issueFt (contracts/v1/TermMaxMarket.sol#251-266):
 'NoneType' object has no attribute 'parameters'
Impossible to generate IR for TermMaxMarket._issueFtByExistedGt (contracts/v1/TermMaxMarket.sol#281-295):
 'NoneType' object has no attribute 'parameters'
Impossible to generate IR for OrderManager.depositAssets (contracts/v1/vault/OrderManager.sol#150-175):
 'NoneType' object has no attribute 'parameters'

Detector: arbitrary-send-erc20
TermMaxMarket._mint(address,address,uint256) (contracts/v1/TermMaxMarket.sol#175-182) uses arbitrary from in transferFrom: debtToken.safeTransferFrom(caller,address(this),debtTokenAmt) (contracts/v1/TermMaxMarket.sol#176)
TermMaxMarket._burn(address,address,uint256) (contracts/v1/TermMaxMarket.sol#188-198) uses arbitrary from in transferFrom: ft.safeTransferFrom(caller,address(this),debtTokenAmt) (contracts/v1/TermMaxMarket.sol#189)
TermMaxMarket._burn(address,address,uint256) (contracts/v1/TermMaxMarket.sol#188-198) uses arbitrary from in transferFrom: xt.safeTransferFrom(caller,address(this),debtTokenAmt) (contracts/v1/TermMaxMarket.sol#190)
TermMaxMarket._redeem(address,address,uint256) (contracts/v1/TermMaxMarket.sol#336-362) uses arbitrary from in transferFrom: ft.safeTransferFrom(caller,address(this),ftAmount) (contracts/v1/TermMaxMarket.sol#352)
ERC20SwapAdapter.transferInputTokenFrom(address,address,address,bytes) (contracts/v1/router/swapAdapters/ERC20SwapAdapter.sol#64-69) uses arbitrary from in transferFrom: IERC20(token).safeTransferFrom(from,to,_decodeAmount(tokenData)) (contracts/v1/router/swapAdapters/ERC20SwapAdapter.sol#68)
StableERC4626ForCustomize._withdrawFromPool(address,address,uint256) (contracts/v2/tokens/StableERC4626ForCustomize.sol#181-183) uses arbitrary from in transferFrom: IERC20(assetAddr).safeTransferFrom(thirdPool,to,amount) (contracts/v2/tokens/StableERC4626ForCustomize.sol#182)
Reference: https://github.com/crytic/slither/wiki/Detector-Documentation#arbitrary-from-in-transferfrom

Detector: controlled-delegatecall
TermMaxRouter.executeOperation(address,IERC20,uint256,bytes) (contracts/v1/router/TermMaxRouter.sol#465-492) uses delegatecall to a input-controlled function id
	- (success,returnData) = lastUnit.adapter.delegatecall(approvalData) (contracts/v1/router/TermMaxRouter.sol#487)
TermMaxRouter._doSwap(bytes,SwapUnit[]) (contracts/v1/router/TermMaxRouter.sol#531-549) uses delegatecall to a input-controlled function id
	- (success,returnData) = units[i].adapter.delegatecall(dataToSwap) (contracts/v1/router/TermMaxRouter.sol#542)
TermMaxRouter_Repay_Gt.executeOperation(address,IERC20,uint256,bytes) (contracts/v1/router/TermMaxRouter_Repay_Gt.sol#500-528) uses delegatecall to a input-controlled function id
	- (success,returnData) = lastUnit.adapter.delegatecall(approvalData) (contracts/v1/router/TermMaxRouter_Repay_Gt.sol#523)
TermMaxRouter_Repay_Gt._doSwap(bytes,SwapUnit[]) (contracts/v1/router/TermMaxRouter_Repay_Gt.sol#567-585) uses delegatecall to a input-controlled function id
	- (success,returnData) = units[i].adapter.delegatecall(dataToSwap) (contracts/v1/router/TermMaxRouter_Repay_Gt.sol#578)
TermMaxRouter_V1_1_2._generalLeverage(uint256,TermMaxRouter_V1_1_2.FlashLoanType,bytes) (contracts/v1/router/TermMaxRouter_V1_1_2.sol#587-612) uses delegatecall to a input-controlled function id
	- (success,returnData) = lastUnit.adapter.delegatecall(approvalData) (contracts/v1/router/TermMaxRouter_V1_1_2.sol#607)
TermMaxRouter_V1_1_2._doSwap(bytes,SwapUnit[]) (contracts/v1/router/TermMaxRouter_V1_1_2.sol#651-668) uses delegatecall to a input-controlled function id
	- (success,returnData) = units[i].adapter.delegatecall(dataToSwap) (contracts/v1/router/TermMaxRouter_V1_1_2.sol#661)
TermMaxVault._delegateCall(bytes) (contracts/v1/vault/TermMaxVault.sol#381-391) uses delegatecall to a input-controlled function id
	- (success,returnData) = ORDER_MANAGER_SINGLETON.delegatecall(data) (contracts/v1/vault/TermMaxVault.sol#382)
TermMaxRouterV2._executeSwapUnits(address,uint256,SwapUnit[]) (contracts/v2/router/TermMaxRouterV2.sol#132-164) uses delegatecall to a input-controlled function id
	- (success,returnData) = units[i].adapter.delegatecall(dataToSwap) (contracts/v2/router/TermMaxRouterV2.sol#157)
TermMaxVaultV2._delegateCall(bytes) (contracts/v2/vault/TermMaxVaultV2.sol#397-407) uses delegatecall to a input-controlled function id
	- (success,returnData) = ORDER_MANAGER_SINGLETON.delegatecall(data) (contracts/v2/vault/TermMaxVaultV2.sol#398)
Reference: https://github.com/crytic/slither/wiki/Detector-Documentation#controlled-delegatecall

Detector: encode-packed-collision
UniversalFactory.getCreationCode(bytes,bytes) (contracts/v2/tokenomics/UniversalFactory.sol#85-91) calls abi.encodePacked() with multiple dynamic arguments:
	- abi.encodePacked(contractBytecode,constructorArgs) (contracts/v2/tokenomics/UniversalFactory.sol#90)
Reference: https://github.com/crytic/slither/wiki/Detector-Documentation#abi-encodePacked-collision

Detector: reentrancy-balance
Reentrancy in TermMaxRouterV2._rollover(IERC20,uint256,bytes,bytes) (contracts/v2/router/TermMaxRouterV2.sol#449-498):
	External call allowing reentrancy:
	- (gtId,None) = market.issueFt(address(this),newDebtAmt,abi.encode(newCollateralAmt)) (contracts/v2/router/TermMaxRouterV2.sol#476)
	Balance read before the call:
	- newCollateralAmt = IERC20(collateral).balanceOf(address(this)) (contracts/v2/router/TermMaxRouterV2.sol#466)
	Possible stale balance used after the call in a condition:
	- ltv > maxLtv (contracts/v2/router/TermMaxRouterV2.sol#491)
		- stale variable `ltv`
Reentrancy in TermMaxRouterV2._rollover(IERC20,uint256,bytes,bytes) (contracts/v2/router/TermMaxRouterV2.sol#449-498):
	External call allowing reentrancy:
	- gt.safeTransferFrom(address(this),recipient,gtId) (contracts/v2/router/TermMaxRouterV2.sol#478)
	Balance read before the call:
	- newCollateralAmt = IERC20(collateral).balanceOf(address(this)) (contracts/v2/router/TermMaxRouterV2.sol#466)
	Possible stale balance used after the call in a condition:
	- ltv > maxLtv (contracts/v2/router/TermMaxRouterV2.sol#491)
		- stale variable `ltv`
Reentrancy in TermMaxRouterV2._rollover(IERC20,uint256,bytes,bytes) (contracts/v2/router/TermMaxRouterV2.sol#449-498):
	External call allowing reentrancy:
	- netFtCost = _executeSwapUnits(address(this),debtTokenPath.inputAmount,debtTokenPath.units) (contracts/v2/router/TermMaxRouterV2.sol#482)
		- (success,returnData) = units[i].adapter.delegatecall(dataToSwap) (contracts/v2/router/TermMaxRouterV2.sol#157)
	Balance read before the call:
	- newCollateralAmt = IERC20(collateral).balanceOf(address(this)) (contracts/v2/router/TermMaxRouterV2.sol#466)
	Possible stale balance used after the call in a condition:
	- ltv > maxLtv (contracts/v2/router/TermMaxRouterV2.sol#491)
		- stale variable `ltv`
Reentrancy in TermMaxRouterV2._rollover(IERC20,uint256,bytes,bytes) (contracts/v2/router/TermMaxRouterV2.sol#449-498):
	External call allowing reentrancy:
	- gt.repay(gtId,repaidFtAmt.toUint128(),false) (contracts/v2/router/TermMaxRouterV2.sol#488)
	Balance read before the call:
	- newCollateralAmt = IERC20(collateral).balanceOf(address(this)) (contracts/v2/router/TermMaxRouterV2.sol#466)
	Possible stale balance used after the call in a condition:
	- ltv > maxLtv (contracts/v2/router/TermMaxRouterV2.sol#491)
		- stale variable `ltv`
Reentrancy in LifiSwapAdapter._swap(address,IERC20,IERC20,uint256,bytes) (contracts/v2/router/swapAdapters/LifiSwapAdapter.sol#29-61):
	External call allowing reentrancy:
	- (success,returnData) = router.call{value: 0}(data) (contracts/v2/router/swapAdapters/LifiSwapAdapter.sol#47)
	Balance read before the call:
	- tokenOutBalBefore = tokenOut.balanceOf(address(this)) (contracts/v2/router/swapAdapters/LifiSwapAdapter.sol#44)
	Possible stale balance used after the call in a condition:
	- tokenOutAmt < netAmount (contracts/v2/router/swapAdapters/LifiSwapAdapter.sol#57)
		- stale variable `tokenOutAmt`
Reentrancy in TermMaxSwapAdapter._swap(address,IERC20,IERC20,uint256,bytes) (contracts/v2/router/swapAdapters/TermMaxSwapAdapter.sol#54-107):
	External call allowing reentrancy:
	- netTokenOutOrIn += ITermMaxOrder(order).swapExactTokenToToken(tokenIn,tokenOut,recipient,data.tradingAmts[i],0,data.deadline) (contracts/v2/router/swapAdapters/TermMaxSwapAdapter.sol#73-75)
	Balance read before the call:
	- outputTokenBalanceBefore = tokenOut.balanceOf(recipient) (contracts/v2/router/swapAdapters/TermMaxSwapAdapter.sol#64)
	Possible stale balance used after the call in a condition:
	- actualInput != finalInput || actualOutput != finalOutput (contracts/v2/router/swapAdapters/TermMaxSwapAdapter.sol#100)
		- stale variable `actualOutput`
Reentrancy in TermMaxSwapAdapter._swap(address,IERC20,IERC20,uint256,bytes) (contracts/v2/router/swapAdapters/TermMaxSwapAdapter.sol#54-107):
	External call allowing reentrancy:
	- netTokenOutOrIn += ITermMaxOrder(order).swapExactTokenToToken(tokenIn,tokenOut,recipient,data.tradingAmts[i],0,data.deadline) (contracts/v2/router/swapAdapters/TermMaxSwapAdapter.sol#73-75)
	Balance read before the call:
	- inputTokenBalanceBefore = tokenIn.balanceOf(address(this)) (contracts/v2/router/swapAdapters/TermMaxSwapAdapter.sol#63)
	Possible stale balance used after the call in a condition:
	- actualInput != finalInput || actualOutput != finalOutput (contracts/v2/router/swapAdapters/TermMaxSwapAdapter.sol#100)
		- stale variable `actualInput`
Reentrancy in PancakeSmartAdapter._swap(address,IERC20,IERC20,uint256,bytes) (contracts/v2/router/swapAdapters/PancakeSmartAdapter.sol#24-67):
	External call allowing reentrancy:
	- (success,returnData) = router.call{value: 0}(data) (contracts/v2/router/swapAdapters/PancakeSmartAdapter.sol#45)
	Balance read before the call:
	- tokenInBalBefore = tokenIn.balanceOf(address(this)) (contracts/v2/router/swapAdapters/PancakeSmartAdapter.sol#36)
	Possible stale balance used after the call in a condition:
	- realCost > netAmount (contracts/v2/router/swapAdapters/PancakeSmartAdapter.sol#60)
		- stale variable `realCost`
Reentrancy in PancakeSmartAdapter._swap(address,IERC20,IERC20,uint256,bytes) (contracts/v2/router/swapAdapters/PancakeSmartAdapter.sol#24-67):
	External call allowing reentrancy:
	- (success,returnData) = router.call{value: 0}(data) (contracts/v2/router/swapAdapters/PancakeSmartAdapter.sol#45)
	Balance read before the call:
	- tokenOutBalBefore = tokenOut.balanceOf(address(this)) (contracts/v2/router/swapAdapters/PancakeSmartAdapter.sol#37)
	Possible stale balance used after the call in a condition:
	- realReceived < netAmount (contracts/v2/router/swapAdapters/PancakeSmartAdapter.sol#63)
		- stale variable `realReceived`
Reentrancy in TermMaxSwapAdapter._swap(address,IERC20,IERC20,uint256,bytes) (contracts/v2/router/swapAdapters/TermMaxSwapAdapter.sol#54-107):
	External call allowing reentrancy:
	- netTokenOutOrIn += ITermMaxOrder(order_scope_1).swapTokenToExactToken(tokenIn,tokenOut,recipient,data.tradingAmts[i_scope_0],data.netTokenAmt,data.deadline) (contracts/v2/router/swapAdapters/TermMaxSwapAdapter.sol#88-90)
	Balance read before the call:
	- outputTokenBalanceBefore = tokenOut.balanceOf(recipient) (contracts/v2/router/swapAdapters/TermMaxSwapAdapter.sol#64)
	Possible stale balance used after the call in a condition:
	- actualInput != finalInput || actualOutput != finalOutput (contracts/v2/router/swapAdapters/TermMaxSwapAdapter.sol#100)
		- stale variable `actualOutput`
Reentrancy in TermMaxSwapAdapter._swap(address,IERC20,IERC20,uint256,bytes) (contracts/v2/router/swapAdapters/TermMaxSwapAdapter.sol#54-107):
	External call allowing reentrancy:
	- netTokenOutOrIn += ITermMaxOrder(order_scope_1).swapTokenToExactToken(tokenIn,tokenOut,recipient,data.tradingAmts[i_scope_0],data.netTokenAmt,data.deadline) (contracts/v2/router/swapAdapters/TermMaxSwapAdapter.sol#88-90)
	Balance read before the call:
	- inputTokenBalanceBefore = tokenIn.balanceOf(address(this)) (contracts/v2/router/swapAdapters/TermMaxSwapAdapter.sol#63)
	Possible stale balance used after the call in a condition:
	- actualInput != finalInput || actualOutput != finalOutput (contracts/v2/router/swapAdapters/TermMaxSwapAdapter.sol#100)
		- stale variable `actualInput`
Reentrancy in TermMaxRouterV2.leverage(address,ITermMaxMarket,uint128,bool,SwapPath[],SwapPath,SwapPath) (contracts/v2/router/TermMaxRouterV2.sol#169-215):
	External call allowing reentrancy:
	- gtId = market.leverageByXt(recipient,totalXt.toUint128(),callbackData) (contracts/v2/router/TermMaxRouterV2.sol#193)
	Balance read before the call:
	- totalXt = xt.balanceOf(address(this)) (contracts/v2/router/TermMaxRouterV2.sol#189)
	Possible stale balance used after the call in a condition:
	- ltv > maxLtv (contracts/v2/router/TermMaxRouterV2.sol#202)
		- stale variable `ltv`
Reentrancy in TermMaxRouterV2.leverage(address,ITermMaxMarket,uint128,bool,SwapPath[],SwapPath,SwapPath) (contracts/v2/router/TermMaxRouterV2.sol#169-215):
	External call allowing reentrancy:
	- gtId = ITermMaxMarketV2(address(market)).leverageByXt(address(this),recipient,totalXt.toUint128(),callbackData) (contracts/v2/router/TermMaxRouterV2.sol#195-197)
	Balance read before the call:
	- totalXt = xt.balanceOf(address(this)) (contracts/v2/router/TermMaxRouterV2.sol#189)
	Possible stale balance used after the call in a condition:
	- ltv > maxLtv (contracts/v2/router/TermMaxRouterV2.sol#202)
		- stale variable `ltv`
Reference: https://github.com/crytic/slither/wiki/Detector-Documentation#reentrancy-vulnerabilities

Detector: unchecked-transfer
MockVToken.mint(uint256) (contracts/mocks/MockVToken.sol#74-81) ignores return value by IERC20(_underlying).transferFrom(msg.sender,address(this),mintAmount) (contracts/mocks/MockVToken.sol#75)
MockVToken.mintBehalf(address,uint256) (contracts/mocks/MockVToken.sol#83-89) ignores return value by IERC20(_underlying).transferFrom(msg.sender,address(this),mintAmount) (contracts/mocks/MockVToken.sol#84)
MockVToken.redeem(uint256) (contracts/mocks/MockVToken.sol#91-97) ignores return value by IERC20(_underlying).transfer(msg.sender,redeemAmount) (contracts/mocks/MockVToken.sol#94)
MockVToken.redeemBehalf(address,uint256) (contracts/mocks/MockVToken.sol#99-106) ignores return value by IERC20(_underlying).transfer(redeemer,redeemAmount) (contracts/mocks/MockVToken.sol#103)
MockVToken.redeemUnderlying(uint256) (contracts/mocks/MockVToken.sol#108-114) ignores return value by IERC20(_underlying).transfer(msg.sender,redeemAmount) (contracts/mocks/MockVToken.sol#111)
MockVToken.redeemUnderlyingBehalf(address,uint256) (contracts/mocks/MockVToken.sol#116-122) ignores return value by IERC20(_underlying).transfer(redeemer,redeemAmount) (contracts/mocks/MockVToken.sol#119)
MockVToken.borrow(uint256) (contracts/mocks/MockVToken.sol#124-130) ignores return value by IERC20(_underlying).transfer(msg.sender,borrowAmount) (contracts/mocks/MockVToken.sol#125)
MockVToken.borrowBehalf(address,uint256) (contracts/mocks/MockVToken.sol#132-138) ignores return value by IERC20(_underlying).transfer(borrower,borrowAmount) (contracts/mocks/MockVToken.sol#133)
MockVToken.repayBorrow(uint256) (contracts/mocks/MockVToken.sol#140-150) ignores return value by IERC20(_underlying).transferFrom(msg.sender,address(this),repayAmount) (contracts/mocks/MockVToken.sol#141)
MockVToken.repayBorrowBehalf(address,uint256) (contracts/mocks/MockVToken.sol#152-162) ignores return value by IERC20(_underlying).transferFrom(msg.sender,address(this),repayAmount) (contracts/mocks/MockVToken.sol#153)
MockVToken.liquidateBorrow(address,uint256,address) (contracts/mocks/MockVToken.sol#164-189) ignores return value by IERC20(_underlying).transferFrom(msg.sender,address(this),repayAmount) (contracts/mocks/MockVToken.sol#170)
MockVToken.reduceReserves(uint256) (contracts/mocks/MockVToken.sol#216-219) ignores return value by IERC20(_underlying).transfer(msg.sender,reduceAmount) (contracts/mocks/MockVToken.sol#218)
MockVToken.addReserves(uint256) (contracts/mocks/MockVToken.sol#229-233) ignores return value by IERC20(_underlying).transferFrom(msg.sender,address(this),addAmount) (contracts/mocks/MockVToken.sol#230)
PendleSwapV3Adapter._swap(IERC20,IERC20,uint256,bytes) (contracts/v1/router/swapAdapters/PendleSwapV3Adapter.sol#20-67) ignores return value by IERC20(tokenIn).transfer(address(YT),amount) (contracts/v1/router/swapAdapters/PendleSwapV3Adapter.sol#51)
Reference: https://github.com/crytic/slither/wiki/Detector-Documentation#unchecked-transfer

Detector: uninitialized-state
MockVToken.supplyRateMock (contracts/mocks/MockVToken.sol#16) is never initialized. It is used in:
	- MockVToken.supplyRatePerBlock() (contracts/mocks/MockVToken.sol#251-253)
MockVToken.borrowRateMock (contracts/mocks/MockVToken.sol#17) is never initialized. It is used in:
	- MockVToken.borrowRatePerBlock() (contracts/mocks/MockVToken.sol#247-249)
PendleHelper.emptyLimit (contracts/v1/extensions/PendleHelper.sol#12) is never initialized. It is used in:
	- PendleSwapV3Adapter._swap(IERC20,IERC20,uint256,bytes) (contracts/v1/router/swapAdapters/PendleSwapV3Adapter.sol#20-67)
VaultStorage._performanceFeeRate (contracts/v1/vault/VaultStorage.sol#41) is never initialized. It is used in:
	- OrderManager._accruedPeriodInterest(uint256,uint256) (contracts/v1/vault/OrderManager.sol#300-306)
VaultStorage._totalFt (contracts/v1/vault/VaultStorage.sol#33) is never initialized. It is used in:
	- TermMaxVault.totalFt() (contracts/v1/vault/TermMaxVault.sol#188-190)
VaultStorage._accretingPrincipal (contracts/v1/vault/VaultStorage.sol#35) is never initialized. It is used in:
	- TermMaxVault.apr() (contracts/v1/vault/TermMaxVault.sol#246-249)
	- TermMaxVault._previewAccruedInterest() (contracts/v1/vault/TermMaxVault.sol#696-731)
VaultStorage._performanceFee (contracts/v1/vault/VaultStorage.sol#37) is never initialized. It is used in:
	- TermMaxVault._previewAccruedInterest() (contracts/v1/vault/TermMaxVault.sol#696-731)
VaultStorage._annualizedInterest (contracts/v1/vault/VaultStorage.sol#39) is never initialized. It is used in:
	- TermMaxVault.annualizedInterest() (contracts/v1/vault/TermMaxVault.sol#203-205)
	- TermMaxVault.apr() (contracts/v1/vault/TermMaxVault.sol#246-249)
	- TermMaxVault._previewAccruedInterest() (contracts/v1/vault/TermMaxVault.sol#696-731)
VaultStorage._badDebtMapping (contracts/v1/vault/VaultStorage.sol#47) is never initialized. It is used in:
	- TermMaxVault.badDebtMapping(address) (contracts/v1/vault/TermMaxVault.sol#239-241)
VaultStorage._orderMapping (contracts/v1/vault/VaultStorage.sol#48) is never initialized. It is used in:
	- TermMaxVault.orderMapping(address) (contracts/v1/vault/TermMaxVault.sol#232-234)
VaultStorage._lastUpdateTime (contracts/v1/vault/VaultStorage.sol#51) is never initialized. It is used in:
	- TermMaxVault._previewAccruedInterest() (contracts/v1/vault/TermMaxVault.sol#696-731)
VaultStorage._maturityMapping (contracts/v1/vault/VaultStorage.sol#55) is never initialized. It is used in:
	- TermMaxVault._previewAccruedInterest() (contracts/v1/vault/TermMaxVault.sol#696-731)
VaultStorage._maturityToInterest (contracts/v1/vault/VaultStorage.sol#57) is never initialized. It is used in:
	- TermMaxVault._previewAccruedInterest() (contracts/v1/vault/TermMaxVault.sol#696-731)
PendleHelper.emptyLimit (contracts/v2/extensions/pendle/PendleHelper.sol#11) is never initialized. It is used in:
	- PendleSwapV3AdapterV2._swap(address,IERC20,IERC20,uint256,bytes) (contracts/v2/router/swapAdapters/PendleSwapV3AdapterV2.sol#23-65)
VaultStorageV2._marketWhitelist (contracts/v2/vault/VaultStorageV2.sol#20) is never initialized. It is used in:
	- OrderManagerV2.createOrder(ITermMaxMarketV2,OrderV2ConfigurationParams) (contracts/v2/vault/OrderManagerV2.sol#110-130)
VaultStorageV2._pool (contracts/v2/vault/VaultStorageV2.sol#41) is never initialized. It is used in:
	- OrderManagerV2._depositToPoolOrNot(IERC20,uint256) (contracts/v2/vault/OrderManagerV2.sol#162-170)
	- OrderManagerV2._withdrawFromPoolOrNot(IERC20,address,uint256) (contracts/v2/vault/OrderManagerV2.sol#172-182)
	- OrderManagerV2._releaseLiquidity(ITermMaxOrder,IERC20,uint256) (contracts/v2/vault/OrderManagerV2.sol#330-340)
VaultStorageV2._performanceFeeRate (contracts/v2/vault/VaultStorageV2.sol#57) is never initialized. It is used in:
	- OrderManagerV2._accruedPeriodInterest(uint256,uint256) (contracts/v2/vault/OrderManagerV2.sol#212-218)
	- OrderManagerV2._checkApy() (contracts/v2/vault/OrderManagerV2.sol#262-272)
VaultStorageV2._minApy (contracts/v2/vault/VaultStorageV2.sol#63) is never initialized. It is used in:
	- OrderManagerV2._checkApy() (contracts/v2/vault/OrderManagerV2.sol#262-272)
VaultStorageV2._totalFt (contracts/v2/vault/VaultStorageV2.sol#33) is never initialized. It is used in:
	- TermMaxVaultV2.totalFt() (contracts/v2/vault/TermMaxVaultV2.sol#161-163)
VaultStorageV2._accretingPrincipal (contracts/v2/vault/VaultStorageV2.sol#35) is never initialized. It is used in:
	- TermMaxVaultV2.apy() (contracts/v2/vault/TermMaxVaultV2.sol#202-206)
	- TermMaxVaultV2._previewAccruedInterest() (contracts/v2/vault/TermMaxVaultV2.sol#670-705)
VaultStorageV2._performanceFee (contracts/v2/vault/VaultStorageV2.sol#37) is never initialized. It is used in:
	- TermMaxVaultV2._previewAccruedInterest() (contracts/v2/vault/TermMaxVaultV2.sol#670-705)
VaultStorageV2._annualizedInterest (contracts/v2/vault/VaultStorageV2.sol#39) is never initialized. It is used in:
	- TermMaxVaultV2.annualizedInterest() (contracts/v2/vault/TermMaxVaultV2.sol#170-172)
	- TermMaxVaultV2.apy() (contracts/v2/vault/TermMaxVaultV2.sol#202-206)
	- TermMaxVaultV2._previewAccruedInterest() (contracts/v2/vault/TermMaxVaultV2.sol#670-705)
VaultStorageV2._badDebtMapping (contracts/v2/vault/VaultStorageV2.sol#44) is never initialized. It is used in:
	- TermMaxVaultV2.badDebtMapping(address) (contracts/v2/vault/TermMaxVaultV2.sol#191-193)
VaultStorageV2._orderMaturityMapping (contracts/v2/vault/VaultStorageV2.sol#47) is never initialized. It is used in:
	- TermMaxVaultV2.orderMaturity(address) (contracts/v2/vault/TermMaxVaultV2.sol#187-189)
VaultStorageV2._maturityMapping (contracts/v2/vault/VaultStorageV2.sol#52) is never initialized. It is used in:
	- TermMaxVaultV2._previewAccruedInterest() (contracts/v2/vault/TermMaxVaultV2.sol#670-705)
VaultStorageV2._maturityToInterest (contracts/v2/vault/VaultStorageV2.sol#54) is never initialized. It is used in:
	- TermMaxVaultV2._previewAccruedInterest() (contracts/v2/vault/TermMaxVaultV2.sol#670-705)
VaultStorageV2._lastUpdateTime (contracts/v2/vault/VaultStorageV2.sol#60) is never initialized. It is used in:
	- TermMaxVaultV2._previewAccruedInterest() (contracts/v2/vault/TermMaxVaultV2.sol#670-705)
Reference: https://github.com/crytic/slither/wiki/Detector-Documentation#uninitialized-state-variables

Detector: divide-before-multiply
TermMaxMarket.previewRedeem(uint256) (contracts/v1/TermMaxMarket.sol#300-321) performs a multiplication on the result of a division:
	- proportion = (ftAmount * Constants.DECIMAL_BASE_SQ) / (ft.totalSupply() - ft.balanceOf(address(this))) (contracts/v1/TermMaxMarket.sol#316)
	- debtTokenAmt = ((debtToken.balanceOf(address(this))) * proportion) / Constants.DECIMAL_BASE_SQ (contracts/v1/TermMaxMarket.sol#320)
TermMaxMarket._redeem(address,address,uint256) (contracts/v1/TermMaxMarket.sol#336-362) performs a multiplication on the result of a division:
	- proportion = (ftAmount * Constants.DECIMAL_BASE_SQ) / ft.totalSupply() (contracts/v1/TermMaxMarket.sol#355)
	- debtTokenAmt += ((debtToken.balanceOf(address(this))) * proportion) / Constants.DECIMAL_BASE_SQ (contracts/v1/TermMaxMarket.sol#359)
TermMaxOrder._updateCurve(CurveCuts) (contracts/v1/TermMaxOrder.sol#230-306) performs a multiplication on the result of a division:
	- newCurveCuts.borrowCurveCuts[i_scope_0].liqSquare != (newCurveCuts.borrowCurveCuts[i_scope_0 - 1].liqSquare * (((newCurveCuts.borrowCurveCuts[i_scope_0].xtReserve.plusInt256(newCurveCuts.borrowCurveCuts[i_scope_0].offset)) ** 2 * Constants.DECIMAL_BASE) / (newCurveCuts.borrowCurveCuts[i_scope_0].xtReserve.plusInt256(newCurveCuts.borrowCurveCuts[i_scope_0 - 1].offset) ** 2))) / Constants.DECIMAL_BASE (contracts/v1/TermMaxOrder.sol#284-301)
TermMaxOrder._updateCurve(CurveCuts) (contracts/v1/TermMaxOrder.sol#230-306) performs a multiplication on the result of a division:
	- newCurveCuts.lendCurveCuts[i].liqSquare != (newCurveCuts.lendCurveCuts[i - 1].liqSquare * (((newCurveCuts.lendCurveCuts[i].xtReserve.plusInt256(newCurveCuts.lendCurveCuts[i].offset)) ** 2 * Constants.DECIMAL_BASE) / (newCurveCuts.lendCurveCuts[i].xtReserve.plusInt256(newCurveCuts.lendCurveCuts[i - 1].offset) ** 2))) / Constants.DECIMAL_BASE (contracts/v1/TermMaxOrder.sol#251-268)
GearingTokenWithERC20._calcLiquidationResult(AbstractGearingToken.LoanInfo,uint128,AbstractGearingToken.ValueAndPrice) (contracts/v1/tokens/GearingTokenWithERC20.sol#164-229) performs a multiplication on the result of a division:
	- ddPriceToCdPrice = (valueAndPrice.debtPrice * cPriceDenominator * cPriceDenominator * 10 + collateralPrice - 1) / collateralPrice (contracts/v1/tokens/GearingTokenWithERC20.sol#189-191)
	- cEqualRepayAmt = (repayAmt * ddPriceToCdPrice * cTokenDenominator) / (valueAndPrice.debtDenominator * cPriceDenominator * valueAndPrice.priceDenominator * 10) (contracts/v1/tokens/GearingTokenWithERC20.sol#195-196)
GearingTokenWithERC20._calcLiquidationResult(AbstractGearingToken.LoanInfo,uint128,AbstractGearingToken.ValueAndPrice) (contracts/v1/tokens/GearingTokenWithERC20.sol#164-229) performs a multiplication on the result of a division:
	- cEqualRepayAmt = (repayAmt * ddPriceToCdPrice * cTokenDenominator) / (valueAndPrice.debtDenominator * cPriceDenominator * valueAndPrice.priceDenominator * 10) (contracts/v1/tokens/GearingTokenWithERC20.sol#195-196)
	- rewardToLiquidator = (cEqualRepayAmt * GearingTokenConstants.REWARD_TO_LIQUIDATOR) / Constants.DECIMAL_BASE (contracts/v1/tokens/GearingTokenWithERC20.sol#198-199)
GearingTokenWithERC20._calcLiquidationResult(AbstractGearingToken.LoanInfo,uint128,AbstractGearingToken.ValueAndPrice) (contracts/v1/tokens/GearingTokenWithERC20.sol#164-229) performs a multiplication on the result of a division:
	- cEqualRepayAmt = (repayAmt * ddPriceToCdPrice * cTokenDenominator) / (valueAndPrice.debtDenominator * cPriceDenominator * valueAndPrice.priceDenominator * 10) (contracts/v1/tokens/GearingTokenWithERC20.sol#195-196)
	- rewardToProtocol = (cEqualRepayAmt * GearingTokenConstants.REWARD_TO_PROTOCOL) / Constants.DECIMAL_BASE (contracts/v1/tokens/GearingTokenWithERC20.sol#200)
OrderManager._accruedPeriodInterest(uint256,uint256) (contracts/v1/vault/OrderManager.sol#300-306) performs a multiplication on the result of a division:
	- interest = (_annualizedInterest * (endTime - startTime)) / 31536000 (contracts/v1/vault/OrderManager.sol#301)
	- _performanceFeeToCurator = (interest * _performanceFeeRate) / Constants.DECIMAL_BASE (contracts/v1/vault/OrderManager.sol#302)
TermMaxVault._previewAccruedPeriodInterest(uint256,uint256,uint256) (contracts/v1/vault/TermMaxVault.sol#733-741) performs a multiplication on the result of a division:
	- interest = (previewAnnualizedInterest * (endTime - startTime)) / 31536000 (contracts/v1/vault/TermMaxVault.sol#738)
	- performanceFeeToCurator = (interest * _performanceFeeRate) / Constants.DECIMAL_BASE (contracts/v1/vault/TermMaxVault.sol#739)
TermMaxOrderV2._setCurveAndPrice(uint256,uint256,CurveCuts) (contracts/v2/TermMaxOrderV2.sol#336-398) performs a multiplication on the result of a division:
	- newCurveCuts.borrowCurveCuts[i_scope_0].liqSquare != (newCurveCuts.borrowCurveCuts[i_scope_0 - 1].liqSquare * (newCurveCuts.borrowCurveCuts[i_scope_0].xtReserve.plusInt256(newCurveCuts.borrowCurveCuts[i_scope_0].offset) ** 2 * Constants.DECIMAL_BASE / newCurveCuts.borrowCurveCuts[i_scope_0].xtReserve.plusInt256(newCurveCuts.borrowCurveCuts[i_scope_0 - 1].offset) ** 2)) / Constants.DECIMAL_BASE (contracts/v2/TermMaxOrderV2.sol#381-391)
TermMaxOrderV2._setCurveAndPrice(uint256,uint256,CurveCuts) (contracts/v2/TermMaxOrderV2.sol#336-398) performs a multiplication on the result of a division:
	- newCurveCuts.lendCurveCuts[i].liqSquare != (newCurveCuts.lendCurveCuts[i - 1].liqSquare * (newCurveCuts.lendCurveCuts[i].xtReserve.plusInt256(newCurveCuts.lendCurveCuts[i].offset) ** 2 * Constants.DECIMAL_BASE / newCurveCuts.lendCurveCuts[i].xtReserve.plusInt256(newCurveCuts.lendCurveCuts[i - 1].offset) ** 2)) / Constants.DECIMAL_BASE (contracts/v2/TermMaxOrderV2.sol#356-365)
OFTCore._removeDust(uint256) (contracts/v2/tokenomics/TMX.sol#2577-2579) performs a multiplication on the result of a division:
	- (_amountLD / decimalConversionRate) * decimalConversionRate (contracts/v2/tokenomics/TMX.sol#2578)
OrderManagerV2._accruedPeriodInterest(uint256,uint256) (contracts/v2/vault/OrderManagerV2.sol#212-218) performs a multiplication on the result of a division:
	- interest = (_annualizedInterest * (endTime - startTime)) / 31536000 (contracts/v2/vault/OrderManagerV2.sol#213)
	- _performanceFeeToCurator = (interest * _performanceFeeRate) / Constants.DECIMAL_BASE (contracts/v2/vault/OrderManagerV2.sol#214)
TermMaxVaultV2._previewAccruedPeriodInterest(uint256,uint256,uint256) (contracts/v2/vault/TermMaxVaultV2.sol#707-715) performs a multiplication on the result of a division:
	- interest = (previewAnnualizedInterest * (endTime - startTime)) / 31536000 (contracts/v2/vault/TermMaxVaultV2.sol#712)
	- performanceFeeToCurator = (interest * _performanceFeeRate) / Constants.DECIMAL_BASE (contracts/v2/vault/TermMaxVaultV2.sol#713)
Reference: https://github.com/crytic/slither/wiki/Detector-Documentation#divide-before-multiply

Detector: incorrect-equality
AbstractGearingToken._calculateLtv(AbstractGearingToken.ValueAndPrice) (contracts/v1/tokens/AbstractGearingToken.sol#510-519) uses a dangerous strict equality:
	- valueAndPrice.collateralValue == 0 (contracts/v1/tokens/AbstractGearingToken.sol#511)
GearingTokenWithERC20._decodeAmount(bytes) (contracts/v1/tokens/GearingTokenWithERC20.sol#123-128) uses a dangerous strict equality:
	- amount == type()(uint256).max (contracts/v1/tokens/GearingTokenWithERC20.sol#125)
AbstractGearingToken._repay(uint256,uint128) (contracts/v1/tokens/AbstractGearingToken.sol#271-285) uses a dangerous strict equality:
	- repayAmt == loan.debtAmt (contracts/v1/tokens/AbstractGearingToken.sol#276)
GearingTokenWithERC20._transferCollateral(address,bytes) (contracts/v1/tokens/GearingTokenWithERC20.sol#81-87) uses a dangerous strict equality:
	- amount == 0 (contracts/v1/tokens/GearingTokenWithERC20.sol#83)
GearingTokenWithERC20._transferCollateralFrom(address,address,bytes) (contracts/v1/tokens/GearingTokenWithERC20.sol#70-76) uses a dangerous strict equality:
	- amount == 0 (contracts/v1/tokens/GearingTokenWithERC20.sol#72)
OracleAggregatorV2.acceptPendingOracle(address) (contracts/v2/oracle/OracleAggregatorV2.sol#159-170) uses a dangerous strict equality:
	- pendingOracles[asset].validAt == 0 (contracts/v2/oracle/OracleAggregatorV2.sol#160)
OracleAggregatorV2.getPrice(address) (contracts/v2/oracle/OracleAggregatorV2.sol#199-230) uses a dangerous strict equality:
	- oracle.heartbeat == 0 || oracle.heartbeat + updatedAt >= block.timestamp (contracts/v2/oracle/OracleAggregatorV2.sol#210)
OracleAggregatorV2.getPrice(address) (contracts/v2/oracle/OracleAggregatorV2.sol#199-230) uses a dangerous strict equality:
	- oracle.backupHeartbeat == 0 || oracle.backupHeartbeat + updatedAt_scope_1 >= block.timestamp (contracts/v2/oracle/OracleAggregatorV2.sol#221)
AbstractGearingTokenV2._calculateLtv(AbstractGearingTokenV2.ValueAndPrice) (contracts/v2/tokens/AbstractGearingTokenV2.sol#653-661) uses a dangerous strict equality:
	- valueAndPrice.collateralValue == 0 (contracts/v2/tokens/AbstractGearingTokenV2.sol#654)
GearingTokenWithERC20V2._decodeAmount(bytes) (contracts/v2/tokens/GearingTokenWithERC20V2.sol#128-133) uses a dangerous strict equality:
	- amount == type()(uint256).max (contracts/v2/tokens/GearingTokenWithERC20V2.sol#130)
AbstractGearingTokenV2._repay(uint256,uint128) (contracts/v2/tokens/AbstractGearingTokenV2.sol#367-381) uses a dangerous strict equality:
	- loan.debtAmt == 0 (contracts/v2/tokens/AbstractGearingTokenV2.sol#378)
AbstractGearingTokenV2.liquidate(uint256,uint128,bool) (contracts/v2/tokens/AbstractGearingTokenV2.sol#529-578) uses a dangerous strict equality:
	- repayAmt == loan.debtAmt (contracts/v2/tokens/AbstractGearingTokenV2.sol#559)
StakingBuffer._withdrawWithBuffer(address,address,uint256) (contracts/v2/tokens/StakingBuffer.sol#26-49) uses a dangerous strict equality:
	- amountFromPool == amount (contracts/v2/tokens/StakingBuffer.sol#43)
StableERC4626ForAave._withdrawFromPool(address,address,uint256) (contracts/v2/tokens/StableERC4626ForAave.sol#159-162) uses a dangerous strict equality:
	- require(bool,error)(receivedAmount == amount,ERC4626TokenErrors.AaveWithdrawFailed(amount,receivedAmount)) (contracts/v2/tokens/StableERC4626ForAave.sol#161)
VariableERC4626ForAave._withdrawFromPool(address,address,uint256) (contracts/v2/tokens/VariableERC4626ForAave.sol#107-110) uses a dangerous strict equality:
	- require(bool,error)(receivedAmount == amount,ERC4626TokenErrors.AaveWithdrawFailed(amount,receivedAmount)) (contracts/v2/tokens/VariableERC4626ForAave.sol#109)
StakingBuffer._withdrawWithBuffer(address,address,uint256) (contracts/v2/tokens/StakingBuffer.sol#26-49) uses a dangerous strict equality:
	- amount == 0 (contracts/v2/tokens/StakingBuffer.sol#27)
OrderManagerV2._accruedInterest() (contracts/v2/vault/OrderManagerV2.sol#225-252) uses a dangerous strict equality:
	- currentTime == lastTime (contracts/v2/vault/OrderManagerV2.sol#228)
OrderManagerV2._checkApy() (contracts/v2/vault/OrderManagerV2.sol#262-272) uses a dangerous strict equality:
	- _accretingPrincipal == 0 (contracts/v2/vault/OrderManagerV2.sol#265-267)
OrderManagerV2._depositToPoolOrNot(IERC20,uint256) (contracts/v2/vault/OrderManagerV2.sol#162-170) uses a dangerous strict equality:
	- amount == 0 (contracts/v2/vault/OrderManagerV2.sol#163)
Reference: https://github.com/crytic/slither/wiki/Detector-Documentation#dangerous-strict-equalities

Detector: reentrancy-no-eth
Reentrancy in TermMaxOrderV2._setPool(IERC4626) (contracts/v2/TermMaxOrderV2.sol#418-449):
	External calls:
	- debtTokenAmt = oldPool.redeem(shares,address(this),address(this)) (contracts/v2/TermMaxOrderV2.sol#425)
	- _market.burn(address(this),maxBurned) (contracts/v2/TermMaxOrderV2.sol#434)
	- newPool.deposit(debtTokenAmt,address(this)) (contracts/v2/TermMaxOrderV2.sol#440)
	- _market_scope_0.mint(address(this),debtTokenAmt) (contracts/v2/TermMaxOrderV2.sol#445)
	State variables written after the call(s):
	- pool = newPool (contracts/v2/TermMaxOrderV2.sol#447)
	TermMaxOrderV2.pool (contracts/v2/TermMaxOrderV2.sol#66) can be used in cross function reentrancies:
	- TermMaxOrderV2._assetsInPool() (contracts/v2/TermMaxOrderV2.sol#246-250)
	- TermMaxOrderV2._setPool(IERC4626) (contracts/v2/TermMaxOrderV2.sol#418-449)
	- TermMaxOrderV2.pool (contracts/v2/TermMaxOrderV2.sol#66)
Reentrancy in TermMaxVaultV2._setPool(address) (contracts/v2/vault/TermMaxVaultV2.sol#543-561):
	External calls:
	- oldPool.redeem(oldPool.balanceOf(address(this)),address(this),address(this)) (contracts/v2/vault/TermMaxVaultV2.sol#546)
	- IERC4626(pool_).deposit(balance,address(this)) (contracts/v2/vault/TermMaxVaultV2.sol#554)
	State variables written after the call(s):
	- _pool = IERC4626(pool_) (contracts/v2/vault/TermMaxVaultV2.sol#557)
	VaultStorageV2._pool (contracts/v2/vault/VaultStorageV2.sol#41) can be used in cross function reentrancies:
	- TermMaxVaultV2._setPool(address) (contracts/v2/vault/TermMaxVaultV2.sol#543-561)
	- TermMaxVaultV2.pool() (contracts/v2/vault/TermMaxVaultV2.sol#222-224)
	- TermMaxVaultV2.submitPendingPool(address) (contracts/v2/vault/TermMaxVaultV2.sol#530-541)
Reentrancy in OrderManager._updateOrder(IERC20,ITermMaxOrder,int256,uint256,CurveCuts) (contracts/v1/vault/OrderManager.sol#114-145):
	External calls:
	- order.updateOrder(newOrderConfig,changes,changes) (contracts/v1/vault/OrderManager.sol#130)
	- orderInfo.market.burn(address(this),withdrawChanges) (contracts/v1/vault/OrderManager.sol#134)
	- orderInfo.market.mint(address(order),depositChanges) (contracts/v1/vault/OrderManager.sol#139)
	- order.updateOrder(newOrderConfig,0,0) (contracts/v1/vault/OrderManager.sol#141)
	State variables written after the call(s):
	- _orderMapping[address(order)] = orderInfo (contracts/v1/vault/OrderManager.sol#143)
	VaultStorage._orderMapping (contracts/v1/vault/VaultStorage.sol#48) can be used in cross function reentrancies:
	- OrderManager._checkOrder(address) (contracts/v1/vault/OrderManager.sol#348-352)
	- OrderManager._redeemFromMarket(address,OrderInfo) (contracts/v1/vault/OrderManager.sol#280-297)
	- OrderManager._updateOrder(IERC20,ITermMaxOrder,int256,uint256,CurveCuts) (contracts/v1/vault/OrderManager.sol#114-145)
	- OrderManager.afterSwap(uint256,uint256,int256) (contracts/v1/vault/OrderManager.sol#356-394)
	- OrderManager.createOrder(IERC20,ITermMaxMarket,uint256,uint256,CurveCuts) (contracts/v1/vault/OrderManager.sol#84-112)
	- OrderManager.depositAssets(IERC20,uint256) (contracts/v1/vault/OrderManager.sol#150-175)
	- OrderManager.redeemOrder(ITermMaxOrder) (contracts/v1/vault/OrderManager.sol#77-79)
	- OrderManager.withdrawAssets(IERC20,address,uint256) (contracts/v1/vault/OrderManager.sol#180-235)
Reentrancy in TermMaxVault.acceptPerformanceFeeRate() (contracts/v1/vault/TermMaxVault.sol#668-672):
	External calls:
	- _setPerformanceFeeRate(uint256(_pendingPerformanceFeeRate.value).toUint64()) (contracts/v1/vault/TermMaxVault.sol#669)
		- (success,returnData) = ORDER_MANAGER_SINGLETON.delegatecall(data) (contracts/v1/vault/TermMaxVault.sol#382)
	State variables written after the call(s):
	- delete _pendingPerformanceFeeRate (contracts/v1/vault/TermMaxVault.sol#670)
	VaultStorage._pendingPerformanceFeeRate (contracts/v1/vault/VaultStorage.sol#26) can be used in cross function reentrancies:
	- TermMaxVault.acceptPerformanceFeeRate() (contracts/v1/vault/TermMaxVault.sol#668-672)
	- TermMaxVault.pendingPerformanceFeeRate() (contracts/v1/vault/TermMaxVault.sol#167-169)
	- TermMaxVault.revokePendingPerformanceFeeRate() (contracts/v1/vault/TermMaxVault.sol#638-642)
	- TermMaxVault.submitPerformanceFeeRate(uint184) (contracts/v1/vault/TermMaxVault.sol#465-477)
Reentrancy in TermMaxVaultV2.acceptPerformanceFeeRate() (contracts/v2/vault/TermMaxVaultV2.sol#650-654):
	External calls:
	- _setPerformanceFeeRate(uint256(_pendingPerformanceFeeRate.value).toUint64()) (contracts/v2/vault/TermMaxVaultV2.sol#651)
		- (success,returnData) = ORDER_MANAGER_SINGLETON.delegatecall(data) (contracts/v2/vault/TermMaxVaultV2.sol#398)
	State variables written after the call(s):
	- delete _pendingPerformanceFeeRate (contracts/v2/vault/TermMaxVaultV2.sol#652)
	VaultStorageV2._pendingPerformanceFeeRate (contracts/v2/vault/VaultStorageV2.sol#24) can be used in cross function reentrancies:
	- TermMaxVaultV2.acceptPerformanceFeeRate() (contracts/v2/vault/TermMaxVaultV2.sol#650-654)
	- TermMaxVaultV2.pendingPerformanceFeeRate() (contracts/v2/vault/TermMaxVaultV2.sol#149-151)
	- TermMaxVaultV2.revokePendingPerformanceFeeRate() (contracts/v2/vault/TermMaxVaultV2.sol#618-622)
	- TermMaxVaultV2.submitPerformanceFeeRate(uint184) (contracts/v2/vault/TermMaxVaultV2.sol#480-492)
Reentrancy in OrderManager.createOrder(IERC20,ITermMaxMarket,uint256,uint256,CurveCuts) (contracts/v1/vault/OrderManager.sol#84-112):
	External calls:
	- order = market.createOrder(address(this),maxSupply,ISwapCallback(address(this)),curveCuts) (contracts/v1/vault/OrderManager.sol#99)
	- market.mint(address(order),initialReserve) (contracts/v1/vault/OrderManager.sol#102)
	State variables written after the call(s):
	- _supplyQueue.push(address(order)) (contracts/v1/vault/OrderManager.sol#104)
	VaultStorage._supplyQueue (contracts/v1/vault/VaultStorage.sol#43) can be used in cross function reentrancies:
	- OrderManager._redeemFromMarket(address,OrderInfo) (contracts/v1/vault/OrderManager.sol#280-297)
	- OrderManager.createOrder(IERC20,ITermMaxMarket,uint256,uint256,CurveCuts) (contracts/v1/vault/OrderManager.sol#84-112)
	- OrderManager.depositAssets(IERC20,uint256) (contracts/v1/vault/OrderManager.sol#150-175)
	- _withdrawQueue.push(address(order)) (contracts/v1/vault/OrderManager.sol#105)
	VaultStorage._withdrawQueue (contracts/v1/vault/VaultStorage.sol#44) can be used in cross function reentrancies:
	- OrderManager._redeemFromMarket(address,OrderInfo) (contracts/v1/vault/OrderManager.sol#280-297)
	- OrderManager.createOrder(IERC20,ITermMaxMarket,uint256,uint256,CurveCuts) (contracts/v1/vault/OrderManager.sol#84-112)
	- OrderManager.withdrawAssets(IERC20,address,uint256) (contracts/v1/vault/OrderManager.sol#180-235)
Reentrancy in OrderManagerV2.redeemOrder(IERC20,address) (contracts/v2/vault/OrderManagerV2.sol#89-108):
	External calls:
	- (badDebt,deliveryData) = ITermMaxOrderV2(order).redeemAll(address(this)) (contracts/v2/vault/OrderManagerV2.sol#96)
	- _depositToPoolOrNot(asset,asset.balanceOf(address(this))) (contracts/v2/vault/OrderManagerV2.sol#104)
		- pool.deposit(amount,address(this)) (contracts/v2/vault/OrderManagerV2.sol#168)
	State variables written after the call(s):
	- delete _orderMaturityMapping[order] (contracts/v2/vault/OrderManagerV2.sol#106)
	VaultStorageV2._orderMaturityMapping (contracts/v2/vault/VaultStorageV2.sol#47) can be used in cross function reentrancies:
	- OrderManagerV2._checkOrder(address) (contracts/v2/vault/OrderManagerV2.sol#258-260)
	- OrderManagerV2.afterSwap(IERC20,uint256,uint256,int256,int256) (contracts/v2/vault/OrderManagerV2.sol#276-328)
	- OrderManagerV2.createOrder(ITermMaxMarketV2,OrderV2ConfigurationParams) (contracts/v2/vault/OrderManagerV2.sol#110-130)
	- OrderManagerV2.redeemOrder(IERC20,address) (contracts/v2/vault/OrderManagerV2.sol#89-108)
Reentrancy in TermMaxMarket.updateMarketConfig(MarketConfig) (contracts/v1/TermMaxMarket.sol#145-156):
	External calls:
	- gt.setTreasurer(newConfig.treasurer) (contracts/v1/TermMaxMarket.sol#149)
	State variables written after the call(s):
	- _config = mConfig (contracts/v1/TermMaxMarket.sol#154)
	TermMaxMarket._config (contracts/v1/TermMaxMarket.sol#44) can be used in cross function reentrancies:
	- TermMaxMarket.config() (contracts/v1/TermMaxMarket.sol#131-133)
	- TermMaxMarket.initialize(MarketInitialParams) (contracts/v1/TermMaxMarket.sol#74-89)
	- TermMaxMarket.mintGtFeeRatio() (contracts/v1/TermMaxMarket.sol#65-69)
	- TermMaxMarket.previewRedeem(uint256) (contracts/v1/TermMaxMarket.sol#300-321)
	- TermMaxMarket.updateMarketConfig(MarketConfig) (contracts/v1/TermMaxMarket.sol#145-156)
Reentrancy in TermMaxMarketV2.updateMarketConfig(MarketConfig) (contracts/v2/TermMaxMarketV2.sol#165-176):
	External calls:
	- gt.setTreasurer(newConfig.treasurer) (contracts/v2/TermMaxMarketV2.sol#170)
	State variables written after the call(s):
	- _config = mConfig (contracts/v2/TermMaxMarketV2.sol#174)
	TermMaxMarketV2._config (contracts/v2/TermMaxMarketV2.sol#60) can be used in cross function reentrancies:
	- TermMaxMarketV2._checkDeadline() (contracts/v2/TermMaxMarketV2.sol#419-427)
	- TermMaxMarketV2._initalizeOrder(OrderInitialParams,address) (contracts/v2/TermMaxMarketV2.sol#488-499)
	- TermMaxMarketV2.config() (contracts/v2/TermMaxMarketV2.sol#145-147)
	- TermMaxMarketV2.initialize(MarketInitialParams) (contracts/v2/TermMaxMarketV2.sol#92-107)
	- TermMaxMarketV2.isOpen() (contracts/v2/TermMaxMarketV2.sol#70-75)
	- TermMaxMarketV2.mintGtFeeRatio() (contracts/v2/TermMaxMarketV2.sol#83-87)
	- TermMaxMarketV2.updateMarketConfig(MarketConfig) (contracts/v2/TermMaxMarketV2.sol#165-176)
Reentrancy in OrderManager.withdrawAssets(IERC20,address,uint256) (contracts/v1/vault/OrderManager.sol#180-235):
	External calls:
	- totalRedeem = _redeemFromMarket(order,orderInfo) (contracts/v1/vault/OrderManager.sol#196)
		- ITermMaxOrder(order).withdrawAssets(orderInfo.ft,address(this),ftReserve) (contracts/v1/vault/OrderManager.sol#283)
		- (totalRedeem,None) = orderInfo.market.redeem(ftReserve,address(this)) (contracts/v1/vault/OrderManager.sol#285)
	- _burnFromOrder(ITermMaxOrder(order),orderInfo,maxWithdraw) (contracts/v1/vault/OrderManager.sol#213)
		- order.withdrawAssets(orderInfo.ft,address(this),amount) (contracts/v1/vault/OrderManager.sol#272)
		- order.withdrawAssets(orderInfo.xt,address(this),amount) (contracts/v1/vault/OrderManager.sol#273)
		- orderInfo.market.burn(address(this),amount) (contracts/v1/vault/OrderManager.sol#277)
	State variables written after the call(s):
	- totalRedeem = _redeemFromMarket(order,orderInfo) (contracts/v1/vault/OrderManager.sol#196)
		- _badDebtMapping[collateral] += ftReserve - totalRedeem (contracts/v1/vault/OrderManager.sol#289)
	VaultStorage._badDebtMapping (contracts/v1/vault/VaultStorage.sol#47) can be used in cross function reentrancies:
	- OrderManager._redeemFromMarket(address,OrderInfo) (contracts/v1/vault/OrderManager.sol#280-297)
	- OrderManager.dealBadDebt(address,address,uint256) (contracts/v1/vault/OrderManager.sol#252-269)
	- totalRedeem = _redeemFromMarket(order,orderInfo) (contracts/v1/vault/OrderManager.sol#196)
		- delete _orderMapping[order] (contracts/v1/vault/OrderManager.sol#294)
	VaultStorage._orderMapping (contracts/v1/vault/VaultStorage.sol#48) can be used in cross function reentrancies:
	- OrderManager._checkOrder(address) (contracts/v1/vault/OrderManager.sol#348-352)
	- OrderManager._redeemFromMarket(address,OrderInfo) (contracts/v1/vault/OrderManager.sol#280-297)
	- OrderManager._updateOrder(IERC20,ITermMaxOrder,int256,uint256,CurveCuts) (contracts/v1/vault/OrderManager.sol#114-145)
	- OrderManager.afterSwap(uint256,uint256,int256) (contracts/v1/vault/OrderManager.sol#356-394)
	- OrderManager.createOrder(IERC20,ITermMaxMarket,uint256,uint256,CurveCuts) (contracts/v1/vault/OrderManager.sol#84-112)
	- OrderManager.depositAssets(IERC20,uint256) (contracts/v1/vault/OrderManager.sol#150-175)
	- OrderManager.redeemOrder(ITermMaxOrder) (contracts/v1/vault/OrderManager.sol#77-79)
	- OrderManager.withdrawAssets(IERC20,address,uint256) (contracts/v1/vault/OrderManager.sol#180-235)
Reentrancy in OrderManager.withdrawAssets(IERC20,address,uint256) (contracts/v1/vault/OrderManager.sol#180-235):
	External calls:
	- totalRedeem = _redeemFromMarket(order,orderInfo) (contracts/v1/vault/OrderManager.sol#196)
		- ITermMaxOrder(order).withdrawAssets(orderInfo.ft,address(this),ftReserve) (contracts/v1/vault/OrderManager.sol#283)
		- (totalRedeem,None) = orderInfo.market.redeem(ftReserve,address(this)) (contracts/v1/vault/OrderManager.sol#285)
	- _burnFromOrder(ITermMaxOrder(order),orderInfo,maxWithdraw) (contracts/v1/vault/OrderManager.sol#213)
		- order.withdrawAssets(orderInfo.ft,address(this),amount) (contracts/v1/vault/OrderManager.sol#272)
		- order.withdrawAssets(orderInfo.xt,address(this),amount) (contracts/v1/vault/OrderManager.sol#273)
		- orderInfo.market.burn(address(this),amount) (contracts/v1/vault/OrderManager.sol#277)
	- _burnFromOrder(ITermMaxOrder(order),orderInfo,amountLeft) (contracts/v1/vault/OrderManager.sol#216)
		- order.withdrawAssets(orderInfo.ft,address(this),amount) (contracts/v1/vault/OrderManager.sol#272)
		- order.withdrawAssets(orderInfo.xt,address(this),amount) (contracts/v1/vault/OrderManager.sol#273)
		- orderInfo.market.burn(address(this),amount) (contracts/v1/vault/OrderManager.sol#277)
	State variables written after the call(s):
	- _accretingPrincipal -= amplifiedAmt (contracts/v1/vault/OrderManager.sol#234)
	VaultStorage._accretingPrincipal (contracts/v1/vault/VaultStorage.sol#35) can be used in cross function reentrancies:
	- OrderManager._accruedPeriodInterest(uint256,uint256) (contracts/v1/vault/OrderManager.sol#300-306)
	- OrderManager._checkLockedFt() (contracts/v1/vault/OrderManager.sol#344-346)
	- OrderManager.dealBadDebt(address,address,uint256) (contracts/v1/vault/OrderManager.sol#252-269)
	- OrderManager.withdrawAssets(IERC20,address,uint256) (contracts/v1/vault/OrderManager.sol#180-235)
Reference: https://github.com/crytic/slither/wiki/Detector-Documentation#reentrancy-vulnerabilities-2

Detector: uninitialized-local
TermMaxOrderV2.swapExactTokenToToken(IERC20,IERC20,address,uint128,uint128,uint256).feeAmt (contracts/v2/TermMaxOrderV2.sol#676) is a local variable never initialized
OrderManager._updateOrder(IERC20,ITermMaxOrder,int256,uint256,CurveCuts).newOrderConfig (contracts/v1/vault/OrderManager.sol#124) is a local variable never initialized
GearingTokenWithERC20V2._calcLiquidationResult(AbstractGearingTokenV2.LoanInfo,uint128,AbstractGearingTokenV2.ValueAndPrice).rewardToProtocol (contracts/v2/tokens/GearingTokenWithERC20V2.sol#180) is a local variable never initialized
TermMaxOrder.swapExactTokenToToken(IERC20,IERC20,address,uint128,uint128,uint256).feeAmt (contracts/v1/TermMaxOrder.sol#332) is a local variable never initialized
TermMaxMarketV2.createOrder(address,uint256,ISwapCallback,CurveCuts).params (contracts/v2/TermMaxMarketV2.sol#445) is a local variable never initialized
TermMaxOrder.swapTokenToExactToken(IERC20,IERC20,address,uint128,uint128,uint256).feeAmt (contracts/v1/TermMaxOrder.sol#542) is a local variable never initialized
OrderManagerV2.createOrder(ITermMaxMarketV2,OrderV2ConfigurationParams).initialParams (contracts/v2/vault/OrderManagerV2.sol#119) is a local variable never initialized
TermMaxOrderV2.swapTokenToExactToken(IERC20,IERC20,address,uint128,uint128,uint256).deltaFt (contracts/v2/TermMaxOrderV2.sol#749) is a local variable never initialized
TermMaxOrderV2.swapExactTokenToToken(IERC20,IERC20,address,uint128,uint128,uint256).deltaFt (contracts/v2/TermMaxOrderV2.sol#683) is a local variable never initialized
TermMaxOrderV2.swapTokenToExactToken(IERC20,IERC20,address,uint128,uint128,uint256).deltaXt (contracts/v2/TermMaxOrderV2.sol#750) is a local variable never initialized
TermMaxOrderV2._rebalance(IERC20,IERC20,IERC20,uint256,IERC20,uint256,uint256,uint256,int256,int256).tokenToMint (contracts/v2/TermMaxOrderV2.sol#824) is a local variable never initialized
TermMaxOrderV2.swapExactTokenToToken(IERC20,IERC20,address,uint128,uint128,uint256).deltaXt (contracts/v2/TermMaxOrderV2.sol#684) is a local variable never initialized
AbstractGearingToken.merge(uint256[]).totalDebtAmt (contracts/v1/tokens/AbstractGearingToken.sol#213) is a local variable never initialized
AbstractGearingToken.merge(uint256[]).mergedCollateralData (contracts/v1/tokens/AbstractGearingToken.sol#214) is a local variable never initialized
OrderManagerV2.removeLiquidityFromOrders(IERC20,address[],uint256[]).totalRemovingLiquidity (contracts/v2/vault/OrderManagerV2.sol#68) is a local variable never initialized
TermMaxOrderV2.swapTokenToExactToken(IERC20,IERC20,address,uint128,uint128,uint256).feeAmt (contracts/v2/TermMaxOrderV2.sol#744) is a local variable never initialized
GearingTokenWithERC20V2._calcLiquidationResult(AbstractGearingTokenV2.LoanInfo,uint128,AbstractGearingTokenV2.ValueAndPrice).removedCollateralAmt (contracts/v2/tokens/GearingTokenWithERC20V2.sol#177) is a local variable never initialized
TermMaxOrderV2.redeemAll(address).received (contracts/v2/TermMaxOrderV2.sol#587) is a local variable never initialized
GearingTokenWithERC20V2._calcLiquidationResult(AbstractGearingTokenV2.LoanInfo,uint128,AbstractGearingTokenV2.ValueAndPrice).cEqualRepayAmt (contracts/v2/tokens/GearingTokenWithERC20V2.sol#178) is a local variable never initialized
TermMaxOrderV2._setPool(IERC4626).debtTokenAmt (contracts/v2/TermMaxOrderV2.sol#420) is a local variable never initialized
TermMaxOrderV2._rebalance(IERC20,IERC20,IERC20,uint256,IERC20,uint256,uint256,uint256,int256,int256).releaseAmount (contracts/v2/TermMaxOrderV2.sol#806) is a local variable never initialized
OndoSwapAdapter._swap(address,IERC20,IERC20,uint256,bytes).usdonBalanceBefore (contracts/v2/router/swapAdapters/OndoSwapAdapter.sol#41) is a local variable never initialized
TermMaxOrderV2.redeemAll(address).receivedFromPool (contracts/v2/TermMaxOrderV2.sol#588) is a local variable never initialized
GearingTokenWithERC20V2._calcLiquidationResult(AbstractGearingTokenV2.LoanInfo,uint128,AbstractGearingTokenV2.ValueAndPrice).rewardToLiquidator (contracts/v2/tokens/GearingTokenWithERC20V2.sol#179) is a local variable never initialized
Reference: https://github.com/crytic/slither/wiki/Detector-Documentation#uninitialized-local-variables

Detector: unused-return
TermMaxOrder.apr() (contracts/v1/TermMaxOrder.sol#164-192) ignores return value by (None,lendVXtReserve,lendVFtReserve) = TermMaxCurve.calcIntervalProps(Constants.DECIMAL_BASE,daysToMaturity,curveCuts.lendCurveCuts[lendCutId],oriXtReserve) (contracts/v1/TermMaxOrder.sol#173-175)
TermMaxOrder.apr() (contracts/v1/TermMaxOrder.sol#164-192) ignores return value by (None,borrowVXtReserve,borrowVFtReserve) = TermMaxCurve.calcIntervalProps(Constants.DECIMAL_BASE,daysToMaturity,curveCuts.borrowCurveCuts[borrowCutId],oriXtReserve) (contracts/v1/TermMaxOrder.sol#183-185)
TermMaxOrder._buyFtStep(uint256,uint256,uint256,OrderConfig) (contracts/v1/TermMaxOrder.sol#448-459) ignores return value by (None,tokenAmtOut) = TermMaxCurve.buyFt(nif,daysToMaturity,cuts,oriXtReserve,debtTokenAmtIn) (contracts/v1/TermMaxOrder.sol#456)
TermMaxOrder._sellToken(address,address,uint256,uint256,OrderConfig,function(uint256,uint256,uint256,OrderConfig) returns(uint256,uint256,IERC20)) (contracts/v1/TermMaxOrder.sol#475-498) ignores return value by ft.approve(address(market),netOut) (contracts/v1/TermMaxOrder.sol#494)
TermMaxOrder._sellToken(address,address,uint256,uint256,OrderConfig,function(uint256,uint256,uint256,OrderConfig) returns(uint256,uint256,IERC20)) (contracts/v1/TermMaxOrder.sol#475-498) ignores return value by xt.approve(address(market),netOut) (contracts/v1/TermMaxOrder.sol#495)
TermMaxOrder._sellXtStep(uint256,uint256,uint256,OrderConfig) (contracts/v1/TermMaxOrder.sol#514-526) ignores return value by (None,debtTokenAmtOut) = TermMaxCurve.sellXt(nif,daysToMaturity,cuts,oriXtReserve,tokenAmtIn) (contracts/v1/TermMaxOrder.sol#522)
TermMaxOrder._buyExactXtStep(uint256,uint256,uint256,OrderConfig) (contracts/v1/TermMaxOrder.sol#650-662) ignores return value by (None,deltaFt) = TermMaxCurve.buyExactXt(nif,daysToMaturity,cuts,oriXtReserve,xtAmtOut) (contracts/v1/TermMaxOrder.sol#658)
TermMaxOrder._sellTokenForExactToken(address,address,uint256,uint256,OrderConfig,function(uint256,uint256,uint256,OrderConfig) returns(uint256,uint256,IERC20)) (contracts/v1/TermMaxOrder.sol#689-714) ignores return value by ft.approve(address(market),debtTokenAmtOut) (contracts/v1/TermMaxOrder.sol#710)
TermMaxOrder._sellTokenForExactToken(address,address,uint256,uint256,OrderConfig,function(uint256,uint256,uint256,OrderConfig) returns(uint256,uint256,IERC20)) (contracts/v1/TermMaxOrder.sol#689-714) ignores return value by xt.approve(address(market),debtTokenAmtOut) (contracts/v1/TermMaxOrder.sol#711)
TermMaxOrder._sellFtForExactTokenStep(uint256,uint256,uint256,OrderConfig) (contracts/v1/TermMaxOrder.sol#716-732) ignores return value by (None,deltaFt) = TermMaxCurve.sellFtForExactDebtToken(nif,daysToMaturity,cuts,oriXtReserve,debtTokenOut) (contracts/v1/TermMaxOrder.sol#726-727)
TermMaxOrder._issueFtToSelf(uint256,uint256,OrderConfig) (contracts/v1/TermMaxOrder.sol#755-762) ignores return value by market.issueFtByExistedGt(address(this),(debtAmtToIssue).toUint128(),config.gtId) (contracts/v1/TermMaxOrder.sol#760)
PTWithPriceFeed.constructor(address,address,uint32,address) (contracts/v1/extensions/PTWithPriceFeed.sol#45-55) ignores return value by (None,answer,None,None,None) = AggregatorV3Interface(priceFeed).latestRoundData() (contracts/v1/extensions/PTWithPriceFeed.sol#46)
PTWithPriceFeed._oracleIsReady() (contracts/v1/extensions/PTWithPriceFeed.sol#101-106) ignores return value by (increaseCardinalityRequired,None,oldestObservationSatisfied) = PY_LP_ORACLE.getOracleState(address(MARKET),DURATION) (contracts/v1/extensions/PTWithPriceFeed.sol#102-103)
PriceFeedConverter.latestRoundData() (contracts/v1/extensions/PriceFeedConverter.sol#53-60) ignores return value by (None,answer2,startedAt2,updatedAt2,None) = bTokenToCTokenPriceFeed.latestRoundData() (contracts/v1/extensions/PriceFeedConverter.sol#56)
OracleAggregator.getPrice(address) (contracts/v1/oracle/OracleAggregator.sol#100-114) ignores return value by (None,answer,None,updatedAt,None) = oracle.aggregator.latestRoundData() (contracts/v1/oracle/OracleAggregator.sol#102)
OracleAggregator.getPrice(address) (contracts/v1/oracle/OracleAggregator.sol#100-114) ignores return value by (None,answer,None,updatedAt,None) = oracle.backupAggregator.latestRoundData() (contracts/v1/oracle/OracleAggregator.sol#105)
MarketViewer.getPositionDetail(ITermMaxMarket,address) (contracts/v1/router/MarketViewer.sol#99-127) ignores return value by (debtAmt,collateralData) = gt.loanInfo(loanId) (contracts/v1/router/MarketViewer.sol#114-121)
MarketViewer.getAllLoanPosition(ITermMaxMarket,address) (contracts/v1/router/MarketViewer.sol#141-164) ignores return value by (None,None,gt,None,None) = market.tokens() (contracts/v1/router/MarketViewer.sol#142)
MarketViewer.getAllLoanPosition(ITermMaxMarket,address) (contracts/v1/router/MarketViewer.sol#141-164) ignores return value by (debtAmt,collateralData) = gt.loanInfo(loanId) (contracts/v1/router/MarketViewer.sol#149-156)
MarketViewer.getAllLoanPositionV2(ITermMaxMarket) (contracts/v1/router/MarketViewer.sol#166-200) ignores return value by (None,None,gtNft,None,None) = market.tokens() (contracts/v1/router/MarketViewer.sol#167)
MarketViewer.getVaultBalance(address,ITermMaxVault[],OracleAggregator) (contracts/v1/router/MarketViewer.sol#202-221) ignores return value by (price) = oracleAggregator.getPrice(asset) (contracts/v1/router/MarketViewer.sol#213-218)
MarketViewer.getOrderState(ITermMaxOrder) (contracts/v1/router/MarketViewer.sol#223-247) ignores return value by (None,None,gt,None,None) = market.tokens() (contracts/v1/router/MarketViewer.sol#225)
MarketViewer.getOrderState(ITermMaxOrder) (contracts/v1/router/MarketViewer.sol#223-247) ignores return value by (debtAmt,collateralData) = gt.loanInfo(orderConfig.gtId) (contracts/v1/router/MarketViewer.sol#230-237)
TermMaxRouter.sellTokens(address,ITermMaxMarket,uint128,uint128,ITermMaxOrder[],uint128[],uint128,uint256) (contracts/v1/router/TermMaxRouter.sol#172-194) ignores return value by (ft,xt,None,None,debtToken) = market.tokens() (contracts/v1/router/TermMaxRouter.sol#182)
TermMaxRouter.leverageFromToken(address,ITermMaxMarket,ITermMaxOrder[],uint128[],uint128,uint128,uint128,SwapUnit[],uint256) (contracts/v1/router/TermMaxRouter.sol#196-222) ignores return value by (None,xt,gt,None,debtToken) = market.tokens() (contracts/v1/router/TermMaxRouter.sol#207)
TermMaxRouter.leverageFromToken(address,ITermMaxMarket,ITermMaxOrder[],uint128[],uint128,uint128,uint128,SwapUnit[],uint256) (contracts/v1/router/TermMaxRouter.sol#196-222) ignores return value by (None,None,collateralData) = gt.loanInfo(gtId) (contracts/v1/router/TermMaxRouter.sol#216)
TermMaxRouter.leverageFromToken(address,ITermMaxMarket,ITermMaxOrder[],uint128[],uint128,uint128,uint128,SwapUnit[],uint256) (contracts/v1/router/TermMaxRouter.sol#196-222) ignores return value by (None,ltv,None) = gt.getLiquidationInfo(gtId) (contracts/v1/router/TermMaxRouter.sol#217)
TermMaxRouter.leverageFromXt(address,ITermMaxMarket,uint128,uint128,uint128,SwapUnit[]) (contracts/v1/router/TermMaxRouter.sol#227-250) ignores return value by (None,xt,gt,None,debtToken) = market.tokens() (contracts/v1/router/TermMaxRouter.sol#235)
TermMaxRouter.leverageFromXt(address,ITermMaxMarket,uint128,uint128,uint128,SwapUnit[]) (contracts/v1/router/TermMaxRouter.sol#227-250) ignores return value by (None,None,collateralData) = gt.loanInfo(gtId) (contracts/v1/router/TermMaxRouter.sol#244)
TermMaxRouter.leverageFromXt(address,ITermMaxMarket,uint128,uint128,uint128,SwapUnit[]) (contracts/v1/router/TermMaxRouter.sol#227-250) ignores return value by (None,ltv,None) = gt.getLiquidationInfo(gtId) (contracts/v1/router/TermMaxRouter.sol#245)
TermMaxRouter.leverageFromXtAndCollateral(address,ITermMaxMarket,uint128,uint128,uint128,SwapUnit[]) (contracts/v1/router/TermMaxRouter.sol#255-279) ignores return value by (None,xt,gt,collAddr,None) = market.tokens() (contracts/v1/router/TermMaxRouter.sol#263)
TermMaxRouter.leverageFromXtAndCollateral(address,ITermMaxMarket,uint128,uint128,uint128,SwapUnit[]) (contracts/v1/router/TermMaxRouter.sol#255-279) ignores return value by (None,None,collateralData) = gt.loanInfo(gtId) (contracts/v1/router/TermMaxRouter.sol#273)
TermMaxRouter.leverageFromXtAndCollateral(address,ITermMaxMarket,uint128,uint128,uint128,SwapUnit[]) (contracts/v1/router/TermMaxRouter.sol#255-279) ignores return value by (None,ltv,None) = gt.getLiquidationInfo(gtId) (contracts/v1/router/TermMaxRouter.sol#274)
TermMaxRouter.borrowTokenFromCollateral(address,ITermMaxMarket,uint256,ITermMaxOrder[],uint128[],uint128,uint256) (contracts/v1/router/TermMaxRouter.sol#284-309) ignores return value by (ft,None,gt,collateralAddr,debtToken) = market.tokens() (contracts/v1/router/TermMaxRouter.sol#293)
TermMaxRouter.borrowTokenFromCollateral(address,ITermMaxMarket,uint256,uint256) (contracts/v1/router/TermMaxRouter.sol#311-336) ignores return value by (ft,xt,gt,collateralAddr,None) = market.tokens() (contracts/v1/router/TermMaxRouter.sol#316)
TermMaxRouter.borrowTokenFromGt(address,ITermMaxMarket,uint256,uint256) (contracts/v1/router/TermMaxRouter.sol#338-360) ignores return value by (ft,xt,gt,None,None) = market.tokens() (contracts/v1/router/TermMaxRouter.sol#342)
TermMaxRouter.flashRepayFromColl(address,ITermMaxMarket,uint256,ITermMaxOrder[],uint128[],bool,SwapUnit[],uint256) (contracts/v1/router/TermMaxRouter.sol#365-380) ignores return value by (ft,None,gt,None,debtToken) = market.tokens() (contracts/v1/router/TermMaxRouter.sol#375)
TermMaxRouter.repayByTokenThroughFt(address,ITermMaxMarket,uint256,ITermMaxOrder[],uint128[],uint128,uint256) (contracts/v1/router/TermMaxRouter.sol#385-415) ignores return value by (ft,None,gt,None,debtToken) = market.tokens() (contracts/v1/router/TermMaxRouter.sol#394)
TermMaxRouter.repayByTokenThroughFt(address,ITermMaxMarket,uint256,ITermMaxOrder[],uint128[],uint128,uint256) (contracts/v1/router/TermMaxRouter.sol#385-415) ignores return value by (None,repayAmt,None) = gt.loanInfo(gtId) (contracts/v1/router/TermMaxRouter.sol#400)
TermMaxRouter.redeemAndSwap(address,ITermMaxMarket,uint256,SwapUnit[],uint256) (contracts/v1/router/TermMaxRouter.sol#417-435) ignores return value by (ft,None,None,collateralAddr,debtToken) = market.tokens() (contracts/v1/router/TermMaxRouter.sol#424)
TermMaxRouter.createOrderAndDeposit(ITermMaxMarket,address,uint256,ISwapCallback,uint256,uint128,uint128,CurveCuts) (contracts/v1/router/TermMaxRouter.sol#437-462) ignores return value by (ft,xt,None,None,debtToken) = market.tokens() (contracts/v1/router/TermMaxRouter.sol#447)
TermMaxRouter_Repay_Gt.sellTokens(address,ITermMaxMarket,uint128,uint128,ITermMaxOrder[],uint128[],uint128,uint256) (contracts/v1/router/TermMaxRouter_Repay_Gt.sol#192-214) ignores return value by (ft,xt,None,None,debtToken) = market.tokens() (contracts/v1/router/TermMaxRouter_Repay_Gt.sol#202)
TermMaxRouter_Repay_Gt.leverageFromToken(address,ITermMaxMarket,ITermMaxOrder[],uint128[],uint128,uint128,uint128,SwapUnit[],uint256) (contracts/v1/router/TermMaxRouter_Repay_Gt.sol#216-245) ignores return value by (None,xt,gt,None,debtToken) = market.tokens() (contracts/v1/router/TermMaxRouter_Repay_Gt.sol#230)
TermMaxRouter_Repay_Gt.leverageFromToken(address,ITermMaxMarket,ITermMaxOrder[],uint128[],uint128,uint128,uint128,SwapUnit[],uint256) (contracts/v1/router/TermMaxRouter_Repay_Gt.sol#216-245) ignores return value by (None,None,collateralData) = gt.loanInfo(gtId) (contracts/v1/router/TermMaxRouter_Repay_Gt.sol#239)
TermMaxRouter_Repay_Gt.leverageFromToken(address,ITermMaxMarket,ITermMaxOrder[],uint128[],uint128,uint128,uint128,SwapUnit[],uint256) (contracts/v1/router/TermMaxRouter_Repay_Gt.sol#216-245) ignores return value by (None,ltv,None) = gt.getLiquidationInfo(gtId) (contracts/v1/router/TermMaxRouter_Repay_Gt.sol#240)
TermMaxRouter_Repay_Gt.leverageFromXt(address,ITermMaxMarket,uint128,uint128,uint128,SwapUnit[]) (contracts/v1/router/TermMaxRouter_Repay_Gt.sol#250-276) ignores return value by (None,xt,gt,None,debtToken) = market.tokens() (contracts/v1/router/TermMaxRouter_Repay_Gt.sol#261)
TermMaxRouter_Repay_Gt.leverageFromXt(address,ITermMaxMarket,uint128,uint128,uint128,SwapUnit[]) (contracts/v1/router/TermMaxRouter_Repay_Gt.sol#250-276) ignores return value by (None,None,collateralData) = gt.loanInfo(gtId) (contracts/v1/router/TermMaxRouter_Repay_Gt.sol#270)
TermMaxRouter_Repay_Gt.leverageFromXt(address,ITermMaxMarket,uint128,uint128,uint128,SwapUnit[]) (contracts/v1/router/TermMaxRouter_Repay_Gt.sol#250-276) ignores return value by (None,ltv,None) = gt.getLiquidationInfo(gtId) (contracts/v1/router/TermMaxRouter_Repay_Gt.sol#271)
TermMaxRouter_Repay_Gt.leverageFromXtAndCollateral(address,ITermMaxMarket,uint128,uint128,uint128,SwapUnit[]) (contracts/v1/router/TermMaxRouter_Repay_Gt.sol#281-308) ignores return value by (None,xt,gt,collAddr,None) = market.tokens() (contracts/v1/router/TermMaxRouter_Repay_Gt.sol#292)
TermMaxRouter_Repay_Gt.leverageFromXtAndCollateral(address,ITermMaxMarket,uint128,uint128,uint128,SwapUnit[]) (contracts/v1/router/TermMaxRouter_Repay_Gt.sol#281-308) ignores return value by (None,None,collateralData) = gt.loanInfo(gtId) (contracts/v1/router/TermMaxRouter_Repay_Gt.sol#302)
TermMaxRouter_Repay_Gt.leverageFromXtAndCollateral(address,ITermMaxMarket,uint128,uint128,uint128,SwapUnit[]) (contracts/v1/router/TermMaxRouter_Repay_Gt.sol#281-308) ignores return value by (None,ltv,None) = gt.getLiquidationInfo(gtId) (contracts/v1/router/TermMaxRouter_Repay_Gt.sol#303)
TermMaxRouter_Repay_Gt.borrowTokenFromCollateral(address,ITermMaxMarket,uint256,ITermMaxOrder[],uint128[],uint128,uint256) (contracts/v1/router/TermMaxRouter_Repay_Gt.sol#313-338) ignores return value by (ft,None,gt,collateralAddr,debtToken) = market.tokens() (contracts/v1/router/TermMaxRouter_Repay_Gt.sol#322)
TermMaxRouter_Repay_Gt.borrowTokenFromCollateral(address,ITermMaxMarket,uint256,uint256) (contracts/v1/router/TermMaxRouter_Repay_Gt.sol#340-366) ignores return value by (ft,xt,gt,collateralAddr,None) = market.tokens() (contracts/v1/router/TermMaxRouter_Repay_Gt.sol#346)
TermMaxRouter_Repay_Gt.borrowTokenFromGt(address,ITermMaxMarket,uint256,uint256) (contracts/v1/router/TermMaxRouter_Repay_Gt.sol#368-391) ignores return value by (ft,xt,gt,None,None) = market.tokens() (contracts/v1/router/TermMaxRouter_Repay_Gt.sol#373)
TermMaxRouter_Repay_Gt.flashRepayFromColl(address,ITermMaxMarket,uint256,ITermMaxOrder[],uint128[],bool,SwapUnit[],uint256) (contracts/v1/router/TermMaxRouter_Repay_Gt.sol#396-415) ignores return value by (ft,None,gtToken,None,debtToken) = market.tokens() (contracts/v1/router/TermMaxRouter_Repay_Gt.sol#406)
TermMaxRouter_Repay_Gt.repayByTokenThroughFt(address,ITermMaxMarket,uint256,ITermMaxOrder[],uint128[],uint128,uint256) (contracts/v1/router/TermMaxRouter_Repay_Gt.sol#420-450) ignores return value by (ft,None,gt,None,debtToken) = market.tokens() (contracts/v1/router/TermMaxRouter_Repay_Gt.sol#429)
TermMaxRouter_Repay_Gt.repayByTokenThroughFt(address,ITermMaxMarket,uint256,ITermMaxOrder[],uint128[],uint128,uint256) (contracts/v1/router/TermMaxRouter_Repay_Gt.sol#420-450) ignores return value by (None,repayAmt,None) = gt.loanInfo(gtId) (contracts/v1/router/TermMaxRouter_Repay_Gt.sol#435)
TermMaxRouter_Repay_Gt.redeemAndSwap(address,ITermMaxMarket,uint256,SwapUnit[],uint256) (contracts/v1/router/TermMaxRouter_Repay_Gt.sol#452-470) ignores return value by (ft,None,None,collateralAddr,debtToken) = market.tokens() (contracts/v1/router/TermMaxRouter_Repay_Gt.sol#459)
TermMaxRouter_Repay_Gt.createOrderAndDeposit(ITermMaxMarket,address,uint256,ISwapCallback,uint256,uint128,uint128,CurveCuts) (contracts/v1/router/TermMaxRouter_Repay_Gt.sol#472-497) ignores return value by (ft,xt,None,None,debtToken) = market.tokens() (contracts/v1/router/TermMaxRouter_Repay_Gt.sol#482)
TermMaxRouter_Repay_Gt.repayGt(ITermMaxMarket,uint256,uint128,bool) (contracts/v1/router/TermMaxRouter_Repay_Gt.sol#599-617) ignores return value by (ft,None,gt,None,debtToken) = market.tokens() (contracts/v1/router/TermMaxRouter_Repay_Gt.sol#606)
TermMaxRouter_Repay_Gt.repayGt(ITermMaxMarket,uint256,uint128,bool) (contracts/v1/router/TermMaxRouter_Repay_Gt.sol#599-617) ignores return value by (None,debtAmt,None) = gt.loanInfo(gtId) (contracts/v1/router/TermMaxRouter_Repay_Gt.sol#607)
TermMaxRouter_V1_1_2.leverageFromToken(address,ITermMaxMarket,ITermMaxOrder[],uint128[],uint128,uint128,uint128,SwapUnit[],uint256) (contracts/v1/router/TermMaxRouter_V1_1_2.sol#236-265) ignores return value by (None,xt,gt,None,debtToken) = market.tokens() (contracts/v1/router/TermMaxRouter_V1_1_2.sol#250)
TermMaxRouter_V1_1_2.leverageFromToken(address,ITermMaxMarket,ITermMaxOrder[],uint128[],uint128,uint128,uint128,SwapUnit[],uint256) (contracts/v1/router/TermMaxRouter_V1_1_2.sol#236-265) ignores return value by (None,None,collateralData) = gt.loanInfo(gtId) (contracts/v1/router/TermMaxRouter_V1_1_2.sol#259)
TermMaxRouter_V1_1_2.leverageFromToken(address,ITermMaxMarket,ITermMaxOrder[],uint128[],uint128,uint128,uint128,SwapUnit[],uint256) (contracts/v1/router/TermMaxRouter_V1_1_2.sol#236-265) ignores return value by (None,ltv,None) = gt.getLiquidationInfo(gtId) (contracts/v1/router/TermMaxRouter_V1_1_2.sol#260)
TermMaxRouter_V1_1_2.leverageFromXt(address,ITermMaxMarket,uint128,uint128,uint128,SwapUnit[]) (contracts/v1/router/TermMaxRouter_V1_1_2.sol#270-296) ignores return value by (None,xt,gt,None,debtToken) = market.tokens() (contracts/v1/router/TermMaxRouter_V1_1_2.sol#281)
TermMaxRouter_V1_1_2.leverageFromXt(address,ITermMaxMarket,uint128,uint128,uint128,SwapUnit[]) (contracts/v1/router/TermMaxRouter_V1_1_2.sol#270-296) ignores return value by (None,None,collateralData) = gt.loanInfo(gtId) (contracts/v1/router/TermMaxRouter_V1_1_2.sol#290)
TermMaxRouter_V1_1_2.leverageFromXt(address,ITermMaxMarket,uint128,uint128,uint128,SwapUnit[]) (contracts/v1/router/TermMaxRouter_V1_1_2.sol#270-296) ignores return value by (None,ltv,None) = gt.getLiquidationInfo(gtId) (contracts/v1/router/TermMaxRouter_V1_1_2.sol#291)
TermMaxRouter_V1_1_2.sellCall(address,ITermMaxMarket,IERC20,uint128,uint128,uint128,uint128,uint128,SwapUnit[]) (contracts/v1/router/TermMaxRouter_V1_1_2.sol#311-351) ignores return value by (None,xt,gt,collateralAddr,debtToken) = market.tokens() (contracts/v1/router/TermMaxRouter_V1_1_2.sol#325)
TermMaxRouter_V1_1_2.sellCall(address,ITermMaxMarket,IERC20,uint128,uint128,uint128,uint128,uint128,SwapUnit[]) (contracts/v1/router/TermMaxRouter_V1_1_2.sol#311-351) ignores return value by (None,None,collateralData) = gt.loanInfo(gtId) (contracts/v1/router/TermMaxRouter_V1_1_2.sol#348)
TermMaxRouter_V1_1_2.sellCall(address,ITermMaxMarket,IERC20,uint128,uint128,uint128,uint128,uint128,SwapUnit[]) (contracts/v1/router/TermMaxRouter_V1_1_2.sol#311-351) ignores return value by (None,ltv,None) = gt.getLiquidationInfo(gtId) (contracts/v1/router/TermMaxRouter_V1_1_2.sol#349)
TermMaxRouter_V1_1_2.leverageFromXtAndCollateral(address,ITermMaxMarket,uint128,uint128,uint128,SwapUnit[]) (contracts/v1/router/TermMaxRouter_V1_1_2.sol#356-383) ignores return value by (None,xt,gt,collAddr,None) = market.tokens() (contracts/v1/router/TermMaxRouter_V1_1_2.sol#367)
TermMaxRouter_V1_1_2.leverageFromXtAndCollateral(address,ITermMaxMarket,uint128,uint128,uint128,SwapUnit[]) (contracts/v1/router/TermMaxRouter_V1_1_2.sol#356-383) ignores return value by (None,None,collateralData) = gt.loanInfo(gtId) (contracts/v1/router/TermMaxRouter_V1_1_2.sol#377)
TermMaxRouter_V1_1_2.leverageFromXtAndCollateral(address,ITermMaxMarket,uint128,uint128,uint128,SwapUnit[]) (contracts/v1/router/TermMaxRouter_V1_1_2.sol#356-383) ignores return value by (None,ltv,None) = gt.getLiquidationInfo(gtId) (contracts/v1/router/TermMaxRouter_V1_1_2.sol#378)
TermMaxRouter_V1_1_2.borrowTokenFromCollateral(address,ITermMaxMarket,uint256,ITermMaxOrder[],uint128[],uint128,uint256) (contracts/v1/router/TermMaxRouter_V1_1_2.sol#388-413) ignores return value by (ft,None,gt,collateralAddr,debtToken) = market.tokens() (contracts/v1/router/TermMaxRouter_V1_1_2.sol#397)
TermMaxRouter_V1_1_2.borrowTokenFromCollateral(address,ITermMaxMarket,uint256,uint256) (contracts/v1/router/TermMaxRouter_V1_1_2.sol#415-442) ignores return value by (ft,xt,gt,collateralAddr,None) = market.tokens() (contracts/v1/router/TermMaxRouter_V1_1_2.sol#422)
TermMaxRouter_V1_1_2.borrowTokenFromGt(address,ITermMaxMarket,uint256,uint256) (contracts/v1/router/TermMaxRouter_V1_1_2.sol#444-468) ignores return value by (ft,xt,gt,None,None) = market.tokens() (contracts/v1/router/TermMaxRouter_V1_1_2.sol#450)
TermMaxRouter_V1_1_2.flashRepayFromColl(address,ITermMaxMarket,uint256,ITermMaxOrder[],uint128[],bool,uint256,SwapUnit[],uint256) (contracts/v1/router/TermMaxRouter_V1_1_2.sol#483-506) ignores return value by (ft,None,gtToken,None,debtToken) = market.tokens() (contracts/v1/router/TermMaxRouter_V1_1_2.sol#494)
TermMaxRouter_V1_1_2.repayByTokenThroughFt(address,ITermMaxMarket,uint256,ITermMaxOrder[],uint128[],uint128,uint256) (contracts/v1/router/TermMaxRouter_V1_1_2.sol#511-541) ignores return value by (ft,None,gt,None,debtToken) = market.tokens() (contracts/v1/router/TermMaxRouter_V1_1_2.sol#520)
TermMaxRouter_V1_1_2.repayByTokenThroughFt(address,ITermMaxMarket,uint256,ITermMaxOrder[],uint128[],uint128,uint256) (contracts/v1/router/TermMaxRouter_V1_1_2.sol#511-541) ignores return value by (None,repayAmt,None) = gt.loanInfo(gtId) (contracts/v1/router/TermMaxRouter_V1_1_2.sol#526)
TermMaxRouter_V1_1_2.redeemAndSwap(address,ITermMaxMarket,uint256,SwapUnit[],uint256) (contracts/v1/router/TermMaxRouter_V1_1_2.sol#543-561) ignores return value by (ft,None,None,collateralAddr,debtToken) = market.tokens() (contracts/v1/router/TermMaxRouter_V1_1_2.sol#550)
TermMaxRouter_V1_1_2.repayGt(ITermMaxMarket,uint256,uint128,bool) (contracts/v1/router/TermMaxRouter_V1_1_2.sol#682-701) ignores return value by (ft,None,gt,None,debtToken) = market.tokens() (contracts/v1/router/TermMaxRouter_V1_1_2.sol#690)
TermMaxRouter_V1_1_2.repayGt(ITermMaxMarket,uint256,uint128,bool) (contracts/v1/router/TermMaxRouter_V1_1_2.sol#682-701) ignores return value by (None,debtAmt,None) = gt.loanInfo(gtId) (contracts/v1/router/TermMaxRouter_V1_1_2.sol#691)
ERC4626VaultAdapter._swap(IERC20,IERC20,uint256,bytes) (contracts/v1/router/swapAdapters/ERC4626VaultAdapter.sol#22-49) ignores return value by tokenIn.approve(address(tokenOut),amount) (contracts/v1/router/swapAdapters/ERC4626VaultAdapter.sol#35)
ERC4626VaultAdapter._swap(IERC20,IERC20,uint256,bytes) (contracts/v1/router/swapAdapters/ERC4626VaultAdapter.sol#22-49) ignores return value by tokenIn.approve(address(tokenIn),amount) (contracts/v1/router/swapAdapters/ERC4626VaultAdapter.sol#41)
KyberswapV2Adapter._swap(IERC20,IERC20,uint256,bytes) (contracts/v1/router/swapAdapters/KyberswapV2Adapter.sol#29-44) ignores return value by IERC20(tokenIn).approve(address(router),amountIn) (contracts/v1/router/swapAdapters/KyberswapV2Adapter.sol#35)
OdosV2Adapter._swap(IERC20,IERC20,uint256,bytes) (contracts/v1/router/swapAdapters/OdosV2Adapter.sol#34-59) ignores return value by IERC20(tokenIn).approve(address(router),amountIn) (contracts/v1/router/swapAdapters/OdosV2Adapter.sol#40)
PendleSwapV3Adapter._swap(IERC20,IERC20,uint256,bytes) (contracts/v1/router/swapAdapters/PendleSwapV3Adapter.sol#20-67) ignores return value by (None,PT,None) = market.readTokens() (contracts/v1/router/swapAdapters/PendleSwapV3Adapter.sol#30)
PendleSwapV3Adapter._swap(IERC20,IERC20,uint256,bytes) (contracts/v1/router/swapAdapters/PendleSwapV3Adapter.sol#20-67) ignores return value by IERC20(tokenIn).approve(address(router),amount) (contracts/v1/router/swapAdapters/PendleSwapV3Adapter.sol#31)
PendleSwapV3Adapter._swap(IERC20,IERC20,uint256,bytes) (contracts/v1/router/swapAdapters/PendleSwapV3Adapter.sol#20-67) ignores return value by IERC20(tokenIn).approve(address(router),amount) (contracts/v1/router/swapAdapters/PendleSwapV3Adapter.sol#39)
PendleSwapV3Adapter._swap(IERC20,IERC20,uint256,bytes) (contracts/v1/router/swapAdapters/PendleSwapV3Adapter.sol#20-67) ignores return value by (tokenOutAmt,None,None) = router.swapExactTokenForPt(address(this),address(market),minTokenOut,defaultApprox,createTokenInputStruct(address(tokenIn),amount),emptyLimit) (contracts/v1/router/swapAdapters/PendleSwapV3Adapter.sol#40-47)
PendleSwapV3Adapter._swap(IERC20,IERC20,uint256,bytes) (contracts/v1/router/swapAdapters/PendleSwapV3Adapter.sol#20-67) ignores return value by IERC20(tokenIn).approve(address(router),amount) (contracts/v1/router/swapAdapters/PendleSwapV3Adapter.sol#57)
PendleSwapV3Adapter._swap(IERC20,IERC20,uint256,bytes) (contracts/v1/router/swapAdapters/PendleSwapV3Adapter.sol#20-67) ignores return value by (tokenOutAmt,None,None) = router.swapExactPtForToken(address(this),address(market),amount,createTokenOutputStruct(address(tokenOut),minTokenOut),emptyLimit) (contracts/v1/router/swapAdapters/PendleSwapV3Adapter.sol#58-64)
UniswapV3Adapter._swap(IERC20,IERC20,uint256,bytes) (contracts/v1/router/swapAdapters/UniswapV3Adapter.sol#19-42) ignores return value by IERC20(tokenIn).approve(address(router),amount) (contracts/v1/router/swapAdapters/UniswapV3Adapter.sol#25)
OrderManager.createOrder(IERC20,ITermMaxMarket,uint256,uint256,CurveCuts) (contracts/v1/vault/OrderManager.sol#84-112) ignores return value by (ft,xt,None,None,debtToken) = market.tokens() (contracts/v1/vault/OrderManager.sol#96)
OrderManager._redeemFromMarket(address,OrderInfo) (contracts/v1/vault/OrderManager.sol#280-297) ignores return value by (totalRedeem,None) = orderInfo.market.redeem(ftReserve,address(this)) (contracts/v1/vault/OrderManager.sol#285)
OrderManager._redeemFromMarket(address,OrderInfo) (contracts/v1/vault/OrderManager.sol#280-297) ignores return value by (None,None,None,collateral,None) = orderInfo.market.tokens() (contracts/v1/vault/OrderManager.sol#288)
TermMaxOrderV2.apr() (contracts/v2/TermMaxOrderV2.sol#208-236) ignores return value by (None,lendVXtReserve,lendVFtReserve) = TermMaxCurve.calcIntervalProps(Constants.DECIMAL_BASE,daysToMaturity,curveCuts.lendCurveCuts[lendCutId],oriXtReserve) (contracts/v2/TermMaxOrderV2.sol#217-219)
TermMaxOrderV2.apr() (contracts/v2/TermMaxOrderV2.sol#208-236) ignores return value by (None,borrowVXtReserve,borrowVFtReserve) = TermMaxCurve.calcIntervalProps(Constants.DECIMAL_BASE,daysToMaturity,curveCuts.borrowCurveCuts[borrowCutId],oriXtReserve) (contracts/v2/TermMaxOrderV2.sol#227-229)
TermMaxOrderV2._setPool(IERC4626) (contracts/v2/TermMaxOrderV2.sol#418-449) ignores return value by newPool.deposit(debtTokenAmt,address(this)) (contracts/v2/TermMaxOrderV2.sol#440)
TermMaxOrderV2._addLiquidity(IERC20,uint256) (contracts/v2/TermMaxOrderV2.sol#499-524) ignores return value by _pool.deposit(amount,address(this)) (contracts/v2/TermMaxOrderV2.sol#521)
TermMaxOrderV2._removeLiquidity(IERC20,uint256,address) (contracts/v2/TermMaxOrderV2.sol#526-560) ignores return value by _pool.withdraw(amount - maxBurned,recipient,address(this)) (contracts/v2/TermMaxOrderV2.sol#546)
TermMaxOrderV2._removeLiquidity(IERC20,uint256,address) (contracts/v2/TermMaxOrderV2.sol#526-560) ignores return value by _pool.deposit(maxBurned,address(this)) (contracts/v2/TermMaxOrderV2.sol#555)
TermMaxOrderV2._rebalance(IERC20,IERC20,IERC20,uint256,IERC20,uint256,uint256,uint256,int256,int256) (contracts/v2/TermMaxOrderV2.sol#790-843) ignores return value by pool_.withdraw(releaseAmount,address(this),address(this)) (contracts/v2/TermMaxOrderV2.sol#821)
TermMaxOrderV2._issueFtToSelf(uint256,uint256) (contracts/v2/TermMaxOrderV2.sol#891-895) ignores return value by market.issueFtByExistedGt(address(this),(debtAmtToIssue).toUint128(),gtId) (contracts/v2/TermMaxOrderV2.sol#894)
OracleAggregatorV2.getPrice(address) (contracts/v2/oracle/OracleAggregatorV2.sol#199-230) ignores return value by (None,answer,None,updatedAt,None) = oracle.aggregator.latestRoundData() (contracts/v2/oracle/OracleAggregatorV2.sol#208)
OracleAggregatorV2.getPrice(address) (contracts/v2/oracle/OracleAggregatorV2.sol#199-230) ignores return value by (None,answer_scope_0,None,updatedAt_scope_1,None) = oracle.backupAggregator.latestRoundData() (contracts/v2/oracle/OracleAggregatorV2.sol#219)
OracleAggregatorWithSequencerV2._isSequencerUp() (contracts/v2/oracle/OracleAggregatorWithSequencerV2.sol#39-48) ignores return value by (None,answer,startedAt,None,None) = sequencerUptimeFeed.latestRoundData() (contracts/v2/oracle/OracleAggregatorWithSequencerV2.sol#40)
SimpleAggregator.getPrice(address) (contracts/v2/oracle/SimpleAggregator.sol#20-26) ignores return value by (None,answer,None,None,None) = oracle.latestRoundData() (contracts/v2/oracle/SimpleAggregator.sol#23)
TermMaxBeefySharePriceFeedAdapter.latestRoundData() (contracts/v2/oracle/adapters/beefy/TermMaxBeefySharePriceFeedAdapter.sol#85-108) ignores return value by (None,answer0,startedAt0,updatedAt0,None) = token0PriceFeed.latestRoundData() (contracts/v2/oracle/adapters/beefy/TermMaxBeefySharePriceFeedAdapter.sol#96)
TermMaxBeefySharePriceFeedAdapter.latestRoundData() (contracts/v2/oracle/adapters/beefy/TermMaxBeefySharePriceFeedAdapter.sol#85-108) ignores return value by (None,answer1,startedAt1,updatedAt1,None) = token1PriceFeed.latestRoundData() (contracts/v2/oracle/adapters/beefy/TermMaxBeefySharePriceFeedAdapter.sol#97)
TermMaxOndoPriceFeedAdapter.latestRoundData() (contracts/v2/oracle/adapters/ondo/TermMaxOndoPriceFeedAdapter.sol#87-113) ignores return value by (sValue,None,lastUpdate,pauseStartTime,None,None) = ondoOracle.assetData(asset) (contracts/v2/oracle/adapters/ondo/TermMaxOndoPriceFeedAdapter.sol#94)
TermMaxPTPriceFeed.constructor(address,address,uint32,address) (contracts/v2/oracle/priceFeeds/TermMaxPTPriceFeed.sol#50-68) ignores return value by (None,answer,None,None,None) = AggregatorV3Interface(priceFeed).latestRoundData() (contracts/v2/oracle/priceFeeds/TermMaxPTPriceFeed.sol#51)
TermMaxPTPriceFeed.constructor(address,address,uint32,address) (contracts/v2/oracle/priceFeeds/TermMaxPTPriceFeed.sol#50-68) ignores return value by (_SY,_PT,None) = MARKET.readTokens() (contracts/v2/oracle/priceFeeds/TermMaxPTPriceFeed.sol#58)
TermMaxPTPriceFeed._oracleIsReady() (contracts/v2/oracle/priceFeeds/TermMaxPTPriceFeed.sol#114-119) ignores return value by (increaseCardinalityRequired,None,oldestObservationSatisfied) = PY_LP_ORACLE.getOracleState(address(MARKET),DURATION) (contracts/v2/oracle/priceFeeds/TermMaxPTPriceFeed.sol#115-116)
TermMaxUniswapTWAPPriceFeed._ensureSufficientObservations(address,uint32) (contracts/v2/oracle/priceFeeds/TermMaxUniswapTWAPPriceFeed.sol#138-154) ignores return value by (None,None,observationIndex,observationCardinality,None,None,None) = IUniswapV3Pool(_pool).slot0() (contracts/v2/oracle/priceFeeds/TermMaxUniswapTWAPPriceFeed.sol#139)
TermMaxUniswapTWAPPriceFeed._ensureSufficientObservations(address,uint32) (contracts/v2/oracle/priceFeeds/TermMaxUniswapTWAPPriceFeed.sol#138-154) ignores return value by (oldestTimestamp,None,None,oldestInitialized) = IUniswapV3Pool(_pool).observations(oldestIndex) (contracts/v2/oracle/priceFeeds/TermMaxUniswapTWAPPriceFeed.sol#142)
TermMaxUniswapTWAPPriceFeed._ensureSufficientObservations(address,uint32) (contracts/v2/oracle/priceFeeds/TermMaxUniswapTWAPPriceFeed.sol#138-154) ignores return value by (latestTimestamp,None,None,latestInitialized) = IUniswapV3Pool(_pool).observations(observationIndex) (contracts/v2/oracle/priceFeeds/TermMaxUniswapTWAPPriceFeed.sol#146)
TermMaxPancakeTWAPPriceFeed._ensureSufficientObservations(address,uint32) (contracts/v2/oracle/priceFeeds/TermMaxPancakeTWAPPriceFeed.sol#12-29) ignores return value by (None,None,observationIndex,observationCardinality,None,None,None) = IPancakeSwapV3Pool(_pool).slot0() (contracts/v2/oracle/priceFeeds/TermMaxPancakeTWAPPriceFeed.sol#13)
TermMaxPancakeTWAPPriceFeed._ensureSufficientObservations(address,uint32) (contracts/v2/oracle/priceFeeds/TermMaxPancakeTWAPPriceFeed.sol#12-29) ignores return value by (oldestTimestamp,None,None,oldestInitialized) = IPancakeSwapV3Pool(_pool).observations(oldestIndex) (contracts/v2/oracle/priceFeeds/TermMaxPancakeTWAPPriceFeed.sol#16)
TermMaxPancakeTWAPPriceFeed._ensureSufficientObservations(address,uint32) (contracts/v2/oracle/priceFeeds/TermMaxPancakeTWAPPriceFeed.sol#12-29) ignores return value by (latestTimestamp,None,None,latestInitialized) = IPancakeSwapV3Pool(_pool).observations(observationIndex) (contracts/v2/oracle/priceFeeds/TermMaxPancakeTWAPPriceFeed.sol#20-21)
TermMaxPriceFeedConverter.latestRoundData() (contracts/v2/oracle/priceFeeds/TermMaxPriceFeedConverter.sol#58-65) ignores return value by (None,answer2,startedAt2,updatedAt2,None) = bTokenToCTokenPriceFeed.latestRoundData() (contracts/v2/oracle/priceFeeds/TermMaxPriceFeedConverter.sol#61)
MakerHelper.placeOrderForV1(ITermMaxMarket,address,uint256,uint256,uint128,uint128,OrderConfig) (contracts/v2/router/MakerHelper.sol#56-83) ignores return value by (gtId,None) = market.issueFt(maker,0,abi.encode(collateralToMintGt)) (contracts/v2/router/MakerHelper.sol#69)
MakerHelper.placeOrderForV2(ITermMaxMarket,uint256,uint256,uint256,uint128,uint128,OrderInitialParams,DelegateAble.DelegateParameters,DelegateAble.Signature) (contracts/v2/router/MakerHelper.sol#100-158) ignores return value by (initialParams.orderConfig.gtId,None) = market.issueFt(initialParams.maker,0,abi.encode(collateralToMintGt)) (contracts/v2/router/MakerHelper.sol#124)
MakerHelper.placeOrderForV2(ITermMaxMarket,uint256,uint256,uint256,uint128,uint128,OrderInitialParams,DelegateAble.DelegateParameters,DelegateAble.Signature) (contracts/v2/router/MakerHelper.sol#100-158) ignores return value by initialParams.pool.deposit(debtTokenToDeposit,address(order)) (contracts/v2/router/MakerHelper.sol#139)
MakerHelper.mint(ITermMaxMarket,address,uint256) (contracts/v2/router/MakerHelper.sol#160-166) ignores return value by (None,None,None,None,debtToken) = market.tokens() (contracts/v2/router/MakerHelper.sol#161)
MakerHelper.burn(ITermMaxMarket,address,uint256) (contracts/v2/router/MakerHelper.sol#168-176) ignores return value by (ft,xt,None,None,None) = market.tokens() (contracts/v2/router/MakerHelper.sol#169)
TermMaxRouterV2.leverage(address,ITermMaxMarket,uint128,bool,SwapPath[],SwapPath,SwapPath) (contracts/v2/router/TermMaxRouterV2.sol#169-215) ignores return value by (None,xt,gt,None,debtToken) = market.tokens() (contracts/v2/router/TermMaxRouterV2.sol#181)
TermMaxRouterV2.leverage(address,ITermMaxMarket,uint128,bool,SwapPath[],SwapPath,SwapPath) (contracts/v2/router/TermMaxRouterV2.sol#169-215) ignores return value by (None,None,collateralData) = gt.loanInfo(gtId) (contracts/v2/router/TermMaxRouterV2.sol#200)
TermMaxRouterV2.leverage(address,ITermMaxMarket,uint128,bool,SwapPath[],SwapPath,SwapPath) (contracts/v2/router/TermMaxRouterV2.sol#169-215) ignores return value by (None,ltv,None) = gt.getLiquidationInfo(gtId) (contracts/v2/router/TermMaxRouterV2.sol#201)
TermMaxRouterV2.borrowTokenFromCollateral(address,ITermMaxMarket,uint256,uint128,SwapPath) (contracts/v2/router/TermMaxRouterV2.sol#217-239) ignores return value by (ft,None,gt,collateralAddr,None) = market.tokens() (contracts/v2/router/TermMaxRouterV2.sol#224)
TermMaxRouterV2.borrowTokenFromCollateralAndXt(address,ITermMaxMarket,uint256,uint256,bool) (contracts/v2/router/TermMaxRouterV2.sol#241-269) ignores return value by (ft,xt,gt,collateralAddr,None) = market.tokens() (contracts/v2/router/TermMaxRouterV2.sol#248)
TermMaxRouterV2._flashRepayFromCollateral(address,ITermMaxMarket,uint256,bool,uint256,bytes,bool) (contracts/v2/router/TermMaxRouterV2.sol#282-312) ignores return value by (None,None,gtToken,collateral,debtToken) = market.tokens() (contracts/v2/router/TermMaxRouterV2.sol#291)
TermMaxRouterV2.rolloverGt(ITermMaxMarket,uint256,IERC20,uint256,bytes) (contracts/v2/router/TermMaxRouterV2.sol#326-335) ignores return value by (None,None,gtToken,None,None) = market.tokens() (contracts/v2/router/TermMaxRouterV2.sol#333)
TermMaxRouterV2.swapAndRepay(ITermMaxMarket,uint256,uint128,bool,SwapPath[]) (contracts/v2/router/TermMaxRouterV2.sol#368-393) ignores return value by (None,None,gt,None,None) = market.tokens() (contracts/v2/router/TermMaxRouterV2.sol#383)
TermMaxRouterV2._rollover(IERC20,uint256,bytes,bytes) (contracts/v2/router/TermMaxRouterV2.sol#449-498) ignores return value by (ft,None,gt,collateral,None) = market.tokens() (contracts/v2/router/TermMaxRouterV2.sol#464)
TermMaxRouterV2._rollover(IERC20,uint256,bytes,bytes) (contracts/v2/router/TermMaxRouterV2.sol#449-498) ignores return value by (gtId,None) = market.issueFt(address(this),newDebtAmt,abi.encode(newCollateralAmt)) (contracts/v2/router/TermMaxRouterV2.sol#476)
TermMaxRouterV2._rollover(IERC20,uint256,bytes,bytes) (contracts/v2/router/TermMaxRouterV2.sol#449-498) ignores return value by (None,ltv,None) = gt.getLiquidationInfo(gtId) (contracts/v2/router/TermMaxRouterV2.sol#490)
TermMaxRouterV2._rolloverToMorpho(address,IERC20,uint256,bytes,bytes) (contracts/v2/router/TermMaxRouterV2.sol#545-580) ignores return value by morpho.borrow(marketParams,repayAmt,0,caller,address(this)) (contracts/v2/router/TermMaxRouterV2.sol#579)
TermMaxViewer.getPositionDetail(ITermMaxMarket,address) (contracts/v2/router/TermMaxViewer.sol#193-221) ignores return value by (debtAmt,collateralData) = gt.loanInfo(loanId) (contracts/v2/router/TermMaxViewer.sol#208-215)
TermMaxViewer.getAllLoanPosition(ITermMaxMarket,address) (contracts/v2/router/TermMaxViewer.sol#235-258) ignores return value by (None,None,gt,None,None) = market.tokens() (contracts/v2/router/TermMaxViewer.sol#236)
TermMaxViewer.getAllLoanPosition(ITermMaxMarket,address) (contracts/v2/router/TermMaxViewer.sol#235-258) ignores return value by (debtAmt,collateralData) = gt.loanInfo(loanId) (contracts/v2/router/TermMaxViewer.sol#243-250)
TermMaxViewer.getAllLoanPositionV2(ITermMaxMarket) (contracts/v2/router/TermMaxViewer.sol#260-294) ignores return value by (None,None,gtNft,None,None) = market.tokens() (contracts/v2/router/TermMaxViewer.sol#261)
TermMaxViewer.getVaultBalance(address,ITermMaxVault[],OracleAggregator) (contracts/v2/router/TermMaxViewer.sol#296-315) ignores return value by (price) = oracleAggregator.getPrice(asset) (contracts/v2/router/TermMaxViewer.sol#307-312)
TermMaxViewer.getOrderState(ITermMaxOrder) (contracts/v2/router/TermMaxViewer.sol#317-341) ignores return value by (None,None,gt,None,None) = market.tokens() (contracts/v2/router/TermMaxViewer.sol#319)
TermMaxViewer.getOrderState(ITermMaxOrder) (contracts/v2/router/TermMaxViewer.sol#317-341) ignores return value by (debtAmt,collateralData) = gt.loanInfo(orderConfig.gtId) (contracts/v2/router/TermMaxViewer.sol#324-331)
OndoSwapAdapter._swap(address,IERC20,IERC20,uint256,bytes) (contracts/v2/router/swapAdapters/OndoSwapAdapter.sol#26-70) ignores return value by ondoMarket.mintWithAttestation(quote,signature,address(tokenIn),amountIn) (contracts/v2/router/swapAdapters/OndoSwapAdapter.sol#45)
OndoSwapAdapter._swap(address,IERC20,IERC20,uint256,bytes) (contracts/v2/router/swapAdapters/OndoSwapAdapter.sol#26-70) ignores return value by ondoMarket.redeemWithAttestation(quote,signature,address(tokenOut),expectAmt) (contracts/v2/router/swapAdapters/OndoSwapAdapter.sol#48)
PendleSwapV3AdapterV2._swap(address,IERC20,IERC20,uint256,bytes) (contracts/v2/router/swapAdapters/PendleSwapV3AdapterV2.sol#23-65) ignores return value by (None,PT,None) = market.readTokens() (contracts/v2/router/swapAdapters/PendleSwapV3AdapterV2.sol#34)
PendleSwapV3AdapterV2._swap(address,IERC20,IERC20,uint256,bytes) (contracts/v2/router/swapAdapters/PendleSwapV3AdapterV2.sol#23-65) ignores return value by (tokenOutAmt,None,None) = router.swapExactTokenForPt(recipient,address(market),minTokenOut,defaultApprox,createTokenInputStruct(address(tokenIn),amount),emptyLimit) (contracts/v2/router/swapAdapters/PendleSwapV3AdapterV2.sol#42-49)
PendleSwapV3AdapterV2._swap(address,IERC20,IERC20,uint256,bytes) (contracts/v2/router/swapAdapters/PendleSwapV3AdapterV2.sol#23-65) ignores return value by (tokenOutAmt,None) = router.redeemPyToToken(recipient,PT.YT(),amount,createTokenOutputStruct(address(tokenOut),minTokenOut)) (contracts/v2/router/swapAdapters/PendleSwapV3AdapterV2.sol#52-54)
PendleSwapV3AdapterV2._swap(address,IERC20,IERC20,uint256,bytes) (contracts/v2/router/swapAdapters/PendleSwapV3AdapterV2.sol#23-65) ignores return value by (tokenOutAmt,None,None) = router.swapExactPtForToken(recipient,address(market),amount,createTokenOutputStruct(address(tokenOut),minTokenOut),emptyLimit) (contracts/v2/router/swapAdapters/PendleSwapV3AdapterV2.sol#56-62)
OFTCore._buildMsgAndOptions(SendParam,uint256) (contracts/v2/tokenomics/TMX.sol#2467-2491) ignores return value by IOAppMsgInspector(inspector).inspect(message,options) (contracts/v2/tokenomics/TMX.sol#2490)
StableERC4626For4626._depositToPool(address,uint256) (contracts/v2/tokens/StableERC4626For4626.sol#152-155) ignores return value by thirdPool.deposit(amount,address(this)) (contracts/v2/tokens/StableERC4626For4626.sol#154)
StableERC4626For4626._withdrawFromPool(address,address,uint256) (contracts/v2/tokens/StableERC4626For4626.sol#157-159) ignores return value by thirdPool.withdraw(amount,to,address(this)) (contracts/v2/tokens/StableERC4626For4626.sol#158)
OrderManagerV2.redeemOrder(IERC20,address) (contracts/v2/vault/OrderManagerV2.sol#89-108) ignores return value by (None,None,None,collateral,None) = market.tokens() (contracts/v2/vault/OrderManagerV2.sol#101)
OrderManagerV2.withdrawFts(address,uint256,address) (contracts/v2/vault/OrderManagerV2.sol#146-153) ignores return value by (ft,None,None,None,None) = market.tokens() (contracts/v2/vault/OrderManagerV2.sol#151)
OrderManagerV2._depositToPoolOrNot(IERC20,uint256) (contracts/v2/vault/OrderManagerV2.sol#162-170) ignores return value by pool.deposit(amount,address(this)) (contracts/v2/vault/OrderManagerV2.sol#168)
OrderManagerV2._withdrawFromPoolOrNot(IERC20,address,uint256) (contracts/v2/vault/OrderManagerV2.sol#172-182) ignores return value by pool.withdraw(amount,recipient,address(this)) (contracts/v2/vault/OrderManagerV2.sol#177)
OrderManagerV2._releaseLiquidity(ITermMaxOrder,IERC20,uint256) (contracts/v2/vault/OrderManagerV2.sol#330-340) ignores return value by pool.withdraw(amount,address(this),address(this)) (contracts/v2/vault/OrderManagerV2.sol#334)
TermMaxVaultV2._setPool(address) (contracts/v2/vault/TermMaxVaultV2.sol#543-561) ignores return value by oldPool.redeem(oldPool.balanceOf(address(this)),address(this),address(this)) (contracts/v2/vault/TermMaxVaultV2.sol#546)
TermMaxVaultV2._setPool(address) (contracts/v2/vault/TermMaxVaultV2.sol#543-561) ignores return value by IERC4626(pool_).deposit(balance,address(this)) (contracts/v2/vault/TermMaxVaultV2.sol#554)
Reference: https://github.com/crytic/slither/wiki/Detector-Documentation#unused-return

Detector: write-after-write
GearingTokenWithERC20._calcLiquidationResult(AbstractGearingToken.LoanInfo,uint128,AbstractGearingToken.ValueAndPrice).remainningC (contracts/v1/tokens/GearingTokenWithERC20.sol#168) is written in both
	remainningC = _encodeAmount(0) (contracts/v1/tokens/GearingTokenWithERC20.sol#214)
	remainningC = _encodeAmount(collateralAmt - removedCollateralAmt) (contracts/v1/tokens/GearingTokenWithERC20.sol#228)
TermMaxSparkLinearOracleAdapter.latestRoundData().startedAt (contracts/v2/oracle/priceFeeds/TermMaxSparkLinearOracleAdapter.sol#29) is written in both
	(roundId,answer,startedAt,updatedAt,answeredInRound) = adapter.latestRoundData() (contracts/v2/oracle/priceFeeds/TermMaxSparkLinearOracleAdapter.sol#31)
	startedAt = block.timestamp (contracts/v2/oracle/priceFeeds/TermMaxSparkLinearOracleAdapter.sol#32)
TermMaxSparkLinearOracleAdapter.latestRoundData().updatedAt (contracts/v2/oracle/priceFeeds/TermMaxSparkLinearOracleAdapter.sol#29) is written in both
	(roundId,answer,startedAt,updatedAt,answeredInRound) = adapter.latestRoundData() (contracts/v2/oracle/priceFeeds/TermMaxSparkLinearOracleAdapter.sol#31)
	updatedAt = block.timestamp (contracts/v2/oracle/priceFeeds/TermMaxSparkLinearOracleAdapter.sol#33)
Reference: https://github.com/crytic/slither/wiki/Detector-Documentation#write-after-write

Detector: shadowing-local
ITermMaxOrder.initialize(address,IERC20[3],IGearingToken,uint256,ISwapCallback,CurveCuts,MarketConfig).maker (contracts/v1/ITermMaxOrder.sol#24) shadows:
	- ITermMaxOrder.maker() (contracts/v1/ITermMaxOrder.sol#37) (function)
ITermMaxOrder.market().market (contracts/v1/ITermMaxOrder.sol#54) shadows:
	- ITermMaxOrder.market() (contracts/v1/ITermMaxOrder.sol#54) (function)
GearingTokenWithERC20._mergeCollateral(bytes,bytes).total (contracts/v1/tokens/GearingTokenWithERC20.sol#63) shadows:
	- AbstractGearingToken.total (contracts/v1/tokens/AbstractGearingToken.sol#60) (state variable)
ITermMaxOrderV2.setCurveAndPrice(uint256,uint256,uint256,CurveCuts).virtualXtReserve (contracts/v2/ITermMaxOrderV2.sol#45) shadows:
	- ITermMaxOrderV2.virtualXtReserve() (contracts/v2/ITermMaxOrderV2.sol#29) (function)
OFT.constructor(string,string,address,address)._name (contracts/v2/tokenomics/TMX.sol#3176) shadows:
	- ERC20._name (contracts/v2/tokenomics/TMX.sol#2887) (state variable)
OFT.constructor(string,string,address,address)._symbol (contracts/v2/tokenomics/TMX.sol#3176) shadows:
	- ERC20._symbol (contracts/v2/tokenomics/TMX.sol#2888) (state variable)
MyOFT.constructor(string,string,address,address)._name (contracts/v2/tokenomics/TMX.sol#3252) shadows:
	- ERC20._name (contracts/v2/tokenomics/TMX.sol#2887) (state variable)
MyOFT.constructor(string,string,address,address)._symbol (contracts/v2/tokenomics/TMX.sol#3252) shadows:
	- ERC20._symbol (contracts/v2/tokenomics/TMX.sol#2888) (state variable)
ITermMaxVaultV2.submitPendingPool(address).pool (contracts/v2/vault/ITermMaxVaultV2.sol#105) shadows:
	- ITermMaxVaultV2.pool() (contracts/v2/vault/ITermMaxVaultV2.sol#126) (function)
Reference: https://github.com/crytic/slither/wiki/Detector-Documentation#local-variable-shadowing

Detector: events-maths
MockVToken.mint(uint256) (contracts/mocks/MockVToken.sol#74-81) should emit an event for: 
	- cashMock += mintAmount (contracts/mocks/MockVToken.sol#79) 
MockVToken.redeem(uint256) (contracts/mocks/MockVToken.sol#91-97) should emit an event for: 
	- cashMock -= redeemAmount (contracts/mocks/MockVToken.sol#95) 
MockVToken.redeemUnderlying(uint256) (contracts/mocks/MockVToken.sol#108-114) should emit an event for: 
	- cashMock -= redeemAmount (contracts/mocks/MockVToken.sol#112) 
MockVToken.liquidateBorrow(address,uint256,address) (contracts/mocks/MockVToken.sol#164-189) should emit an event for: 
	- totalBorrowsMock -= repayAmount (contracts/mocks/MockVToken.sol#175) 
	- totalBorrowsMock = 0 (contracts/mocks/MockVToken.sol#176) 
	- cashMock += repayAmount (contracts/mocks/MockVToken.sol#178) 
Reference: https://github.com/crytic/slither/wiki/Detector-Documentation#missing-events-arithmetic

Detector: missing-zero-check
MockVToken.constructor(address,string,string).underlying_ (contracts/mocks/MockVToken.sol#22) lacks a zero-check on :
		- _underlying = underlying_ (contracts/mocks/MockVToken.sol#23)
TermMaxMarket.constructor(address,address).MINTABLE_ERC20_IMPLEMENT_ (contracts/v1/TermMaxMarket.sol#59) lacks a zero-check on :
		- MINTABLE_ERC20_IMPLEMENT = MINTABLE_ERC20_IMPLEMENT_ (contracts/v1/TermMaxMarket.sol#60)
TermMaxMarket.constructor(address,address).TERMMAX_ORDER_IMPLEMENT_ (contracts/v1/TermMaxMarket.sol#59) lacks a zero-check on :
		- TERMMAX_ORDER_IMPLEMENT = TERMMAX_ORDER_IMPLEMENT_ (contracts/v1/TermMaxMarket.sol#61)
KyberswapV2Adapter.constructor(address,address).router_ (contracts/v1/router/swapAdapters/KyberswapV2Adapter.sol#24) lacks a zero-check on :
		- router = router_ (contracts/v1/router/swapAdapters/KyberswapV2Adapter.sol#25)
KyberswapV2Adapter.constructor(address,address).scalingHelper_ (contracts/v1/router/swapAdapters/KyberswapV2Adapter.sol#24) lacks a zero-check on :
		- KYBER_SCALING_HELPER = scalingHelper_ (contracts/v1/router/swapAdapters/KyberswapV2Adapter.sol#26)
TermMaxMarketV2.constructor(address,address).MINTABLE_ERC20_IMPLEMENT_ (contracts/v2/TermMaxMarketV2.sol#77) lacks a zero-check on :
		- MINTABLE_ERC20_IMPLEMENT = MINTABLE_ERC20_IMPLEMENT_ (contracts/v2/TermMaxMarketV2.sol#78)
TermMaxMarketV2.constructor(address,address).TERMMAX_ORDER_IMPLEMENT_ (contracts/v2/TermMaxMarketV2.sol#77) lacks a zero-check on :
		- TERMMAX_ORDER_IMPLEMENT = TERMMAX_ORDER_IMPLEMENT_ (contracts/v2/TermMaxMarketV2.sol#79)
TermMaxRewardContract.claimRewards(IERC20[],address).to (contracts/v2/activity/TermMaxRewardContract.sol#61) lacks a zero-check on :
		- address(to).transfer(amounts[i]) (contracts/v2/activity/TermMaxRewardContract.sol#79)
TermMaxRewardContract.withdrawAssets(IERC20,address,uint256).to (contracts/v2/activity/TermMaxRewardContract.sol#117) lacks a zero-check on :
		- address(to).transfer(amount) (contracts/v2/activity/TermMaxRewardContract.sol#119)
TermMaxVaultFactoryV2.constructor(address,address,address).TERMMAX_VAULT_IMPLEMENTATION_ (contracts/v2/factory/TermMaxVaultFactoryV2.sol#23) lacks a zero-check on :
		- TERMMAX_VAULT_IMPLEMENTATION = TERMMAX_VAULT_IMPLEMENTATION_ (contracts/v2/factory/TermMaxVaultFactoryV2.sol#27)
TermMaxBeefySharePriceFeedAdapter.constructor(address,address,address)._beefyVault (contracts/v2/oracle/adapters/beefy/TermMaxBeefySharePriceFeedAdapter.sol#38) lacks a zero-check on :
		- asset = _beefyVault (contracts/v2/oracle/adapters/beefy/TermMaxBeefySharePriceFeedAdapter.sol#43)
TermMaxOndoPriceFeedAdapter.constructor(address,address,uint256)._asset (contracts/v2/oracle/adapters/ondo/TermMaxOndoPriceFeedAdapter.sol#33) lacks a zero-check on :
		- asset = _asset (contracts/v2/oracle/adapters/ondo/TermMaxOndoPriceFeedAdapter.sol#35)
TermMaxPharosPriceFeedAdapter.constructor(address,address)._asset (contracts/v2/oracle/adapters/pharos/TermMaxPharosPriceFeedAdapter.sol#25) lacks a zero-check on :
		- asset = _asset (contracts/v2/oracle/adapters/pharos/TermMaxPharosPriceFeedAdapter.sol#27)
TermMaxDUSDPriceFeedAdapter.constructor(address,address)._asset (contracts/v2/oracle/priceFeeds/TermMaxDUSDPriceFeedAdapter.sol#33) lacks a zero-check on :
		- asset = _asset (contracts/v2/oracle/priceFeeds/TermMaxDUSDPriceFeedAdapter.sol#35)
TermMaxERC4626PriceFeed.constructor(address,address)._vault (contracts/v2/oracle/priceFeeds/TermMaxERC4626PriceFeed.sol#23) lacks a zero-check on :
		- asset = _vault (contracts/v2/oracle/priceFeeds/TermMaxERC4626PriceFeed.sol#25)
TermMaxPriceFeedConverter.constructor(address,address,address)._asset (contracts/v2/oracle/priceFeeds/TermMaxPriceFeedConverter.sol#23) lacks a zero-check on :
		- asset = _asset (contracts/v2/oracle/priceFeeds/TermMaxPriceFeedConverter.sol#24)
TermMaxUSPCPriceFeedAdapter.constructor(address,address)._asset (contracts/v2/oracle/priceFeeds/TermMaxUSPCPriceFeedAdapter.sol#29) lacks a zero-check on :
		- asset = _asset (contracts/v2/oracle/priceFeeds/TermMaxUSPCPriceFeedAdapter.sol#31)
KyberswapV2AdapterV2.constructor(address,address).router_ (contracts/v2/router/swapAdapters/KyberswapV2AdapterV2.sol#35) lacks a zero-check on :
		- router = router_ (contracts/v2/router/swapAdapters/KyberswapV2AdapterV2.sol#36)
KyberswapV2AdapterV2.constructor(address,address).scalingHelper_ (contracts/v2/router/swapAdapters/KyberswapV2AdapterV2.sol#35) lacks a zero-check on :
		- KYBER_SCALING_HELPER = scalingHelper_ (contracts/v2/router/swapAdapters/KyberswapV2AdapterV2.sol#37)
LifiSwapAdapter.constructor(address)._lifiRouter (contracts/v2/router/swapAdapters/LifiSwapAdapter.sol#18) lacks a zero-check on :
		- router = _lifiRouter (contracts/v2/router/swapAdapters/LifiSwapAdapter.sol#19)
PancakeSmartAdapter.constructor(address)._pancakeRouter (contracts/v2/router/swapAdapters/PancakeSmartAdapter.sol#20) lacks a zero-check on :
		- router = _pancakeRouter (contracts/v2/router/swapAdapters/PancakeSmartAdapter.sol#21)
OFTCore.setMsgInspector(address)._msgInspector (contracts/v2/tokenomics/TMX.sol#2338) lacks a zero-check on :
		- msgInspector = _msgInspector (contracts/v2/tokenomics/TMX.sol#2339)
OAppPreCrimeSimulator.setPreCrime(address)._preCrime (contracts/v2/tokenomics/TMX.sol#1807) lacks a zero-check on :
		- preCrime = _preCrime (contracts/v2/tokenomics/TMX.sol#1808)
StableERC4626ForCustomize.initialize(address,address,address,StakingBuffer.BufferConfig).thirdPool_ (contracts/v2/tokens/StableERC4626ForCustomize.sol#41) lacks a zero-check on :
		- thirdPool = thirdPool_ (contracts/v2/tokens/StableERC4626ForCustomize.sol#45)
TermMaxVaultV2.constructor(address,address).ORDER_MANAGER_SINGLETON_ (contracts/v2/vault/TermMaxVaultV2.sol#88) lacks a zero-check on :
		- ORDER_MANAGER_SINGLETON = ORDER_MANAGER_SINGLETON_ (contracts/v2/vault/TermMaxVaultV2.sol#91)
Reference: https://github.com/crytic/slither/wiki/Detector-Documentation#missing-zero-address-validation

Detector: calls-loop
MarketViewer.getPositionDetail(ITermMaxMarket,address) (contracts/v1/router/MarketViewer.sol#99-127) has external calls inside a loop: loanId = gtNft.tokenOfOwnerByIndex(owner,i) (contracts/v1/router/MarketViewer.sol#113)
MarketViewer.getPositionDetail(ITermMaxMarket,address) (contracts/v1/router/MarketViewer.sol#99-127) has external calls inside a loop: (debtAmt,collateralData) = gt.loanInfo(loanId) (contracts/v1/router/MarketViewer.sol#114-121)
MarketViewer.getPositionDetail(ITermMaxMarket,address) (contracts/v1/router/MarketViewer.sol#99-127) has external calls inside a loop: (ft,xt,gt,collateral,underlying) = market.tokens() (contracts/v1/router/MarketViewer.sol#100-101)
	Calls stack containing the loop:
		MarketViewer.getPositionDetails(ITermMaxMarket[],address)
MarketViewer.getPositionDetail(ITermMaxMarket,address) (contracts/v1/router/MarketViewer.sol#99-127) has external calls inside a loop: position.underlyingBalance = underlying.balanceOf(owner) (contracts/v1/router/MarketViewer.sol#102)
	Calls stack containing the loop:
		MarketViewer.getPositionDetails(ITermMaxMarket[],address)
MarketViewer.getPositionDetail(ITermMaxMarket,address) (contracts/v1/router/MarketViewer.sol#99-127) has external calls inside a loop: position.collateralBalance = IERC20(collateral).balanceOf(owner) (contracts/v1/router/MarketViewer.sol#103)
	Calls stack containing the loop:
		MarketViewer.getPositionDetails(ITermMaxMarket[],address)
MarketViewer.getPositionDetail(ITermMaxMarket,address) (contracts/v1/router/MarketViewer.sol#99-127) has external calls inside a loop: position.ftBalance = ft.balanceOf(owner) (contracts/v1/router/MarketViewer.sol#104)
	Calls stack containing the loop:
		MarketViewer.getPositionDetails(ITermMaxMarket[],address)
MarketViewer.getPositionDetail(ITermMaxMarket,address) (contracts/v1/router/MarketViewer.sol#99-127) has external calls inside a loop: position.xtBalance = xt.balanceOf(owner) (contracts/v1/router/MarketViewer.sol#105)
	Calls stack containing the loop:
		MarketViewer.getPositionDetails(ITermMaxMarket[],address)
MarketViewer.getPositionDetail(ITermMaxMarket,address) (contracts/v1/router/MarketViewer.sol#99-127) has external calls inside a loop: balance = gtNft.balanceOf(owner) (contracts/v1/router/MarketViewer.sol#108)
	Calls stack containing the loop:
		MarketViewer.getPositionDetails(ITermMaxMarket[],address)
MarketViewer.getPositionDetail(ITermMaxMarket,address) (contracts/v1/router/MarketViewer.sol#99-127) has external calls inside a loop: loanId = gtNft.tokenOfOwnerByIndex(owner,i) (contracts/v1/router/MarketViewer.sol#113)
	Calls stack containing the loop:
		MarketViewer.getPositionDetails(ITermMaxMarket[],address)
MarketViewer.getPositionDetail(ITermMaxMarket,address) (contracts/v1/router/MarketViewer.sol#99-127) has external calls inside a loop: (debtAmt,collateralData) = gt.loanInfo(loanId) (contracts/v1/router/MarketViewer.sol#114-121)
	Calls stack containing the loop:
		MarketViewer.getPositionDetails(ITermMaxMarket[],address)
MarketViewer.getAllLoanPosition(ITermMaxMarket,address) (contracts/v1/router/MarketViewer.sol#141-164) has external calls inside a loop: loanId = gt.tokenOfOwnerByIndex(owner,i) (contracts/v1/router/MarketViewer.sol#148)
MarketViewer.getAllLoanPosition(ITermMaxMarket,address) (contracts/v1/router/MarketViewer.sol#141-164) has external calls inside a loop: (debtAmt,collateralData) = gt.loanInfo(loanId) (contracts/v1/router/MarketViewer.sol#149-156)
MarketViewer.getAllLoanPositionV2(ITermMaxMarket) (contracts/v1/router/MarketViewer.sol#166-200) has external calls inside a loop: loanId = gtNft.tokenByIndex(i) (contracts/v1/router/MarketViewer.sol#174)
MarketViewer.getAllLoanPositionV2(ITermMaxMarket) (contracts/v1/router/MarketViewer.sol#166-200) has external calls inside a loop: (owner,debtAmt,collateralData) = gtNft.loanInfo(loanId) (contracts/v1/router/MarketViewer.sol#175-192)
MarketViewer.getAllLoanPositionV2(ITermMaxMarket) (contracts/v1/router/MarketViewer.sol#166-200) has external calls inside a loop: (isLiquidable,ltv,maxRepayAmt) = gtNft.getLiquidationInfo(loanId) (contracts/v1/router/MarketViewer.sol#180-187)
MarketViewer.getVaultBalance(address,ITermMaxVault[],OracleAggregator) (contracts/v1/router/MarketViewer.sol#202-221) has external calls inside a loop: asset = vaults[i].asset() (contracts/v1/router/MarketViewer.sol#209)
MarketViewer.getVaultBalance(address,ITermMaxVault[],OracleAggregator) (contracts/v1/router/MarketViewer.sol#202-221) has external calls inside a loop: balance = vaults[i].balanceOf(user) (contracts/v1/router/MarketViewer.sol#210)
MarketViewer.getVaultBalance(address,ITermMaxVault[],OracleAggregator) (contracts/v1/router/MarketViewer.sol#202-221) has external calls inside a loop: vaultPositions[i].toAssetBalance = vaults[i].convertToAssets(balance) (contracts/v1/router/MarketViewer.sol#212)
MarketViewer.getVaultBalance(address,ITermMaxVault[],OracleAggregator) (contracts/v1/router/MarketViewer.sol#202-221) has external calls inside a loop: (price) = oracleAggregator.getPrice(asset) (contracts/v1/router/MarketViewer.sol#213-218)
MarketViewer.getVaultBalance(address,ITermMaxVault[],OracleAggregator) (contracts/v1/router/MarketViewer.sol#202-221) has external calls inside a loop: assetDecimals = IERC20Metadata(asset).decimals() (contracts/v1/router/MarketViewer.sol#214)
MarketViewer.getVaultInfo(ITermMaxVault) (contracts/v1/router/MarketViewer.sol#254-302) has external calls inside a loop: vaultInfo.supplyQueue[i] = vault.supplyQueue(i) (contracts/v1/router/MarketViewer.sol#284)
MarketViewer.getVaultInfo(ITermMaxVault) (contracts/v1/router/MarketViewer.sol#254-302) has external calls inside a loop: vaultInfo.withdrawQueue[i_scope_0] = vault.withdrawQueue(i_scope_0) (contracts/v1/router/MarketViewer.sol#290)
MarketViewer.getVaultOrdersInfo(ITermMaxVault) (contracts/v1/router/MarketViewer.sol#309-320) has external calls inside a loop: orderAddress = vault.supplyQueue(i) (contracts/v1/router/MarketViewer.sol#314)
MarketViewer.getVaultOrdersInfo(ITermMaxVault) (contracts/v1/router/MarketViewer.sol#309-320) has external calls inside a loop: orderInfos[i] = this.getOrderState(order) (contracts/v1/router/MarketViewer.sol#316)
MarketViewer.getVaultPendingMarkets(ITermMaxVault,address[]) (contracts/v1/router/MarketViewer.sol#322-332) has external calls inside a loop: pendingMarkets[i] = vault.pendingMarkets(markets[i]) (contracts/v1/router/MarketViewer.sol#329)
TermMaxRouter.assetsWithERC20Collateral(ITermMaxMarket,address) (contracts/v1/router/TermMaxRouter.sol#77-97) has external calls inside a loop: balances[i] = tokens[i].balanceOf(owner) (contracts/v1/router/TermMaxRouter.sol#89)
TermMaxRouter.assetsWithERC20Collateral(ITermMaxMarket,address) (contracts/v1/router/TermMaxRouter.sol#77-97) has external calls inside a loop: gtIds[i_scope_0] = IERC721Enumerable(gtAddr).tokenOfOwnerByIndex(owner,i_scope_0) (contracts/v1/router/TermMaxRouter.sol#95)
TermMaxRouter._swapExactTokenToToken(IERC20,IERC20,address,ITermMaxOrder[],uint128[],uint128,uint256) (contracts/v1/router/TermMaxRouter.sol#114-130) has external calls inside a loop: netTokenOut += order.swapExactTokenToToken(tokenIn,tokenOut,recipient,tradingAmts[i],0,deadline) (contracts/v1/router/TermMaxRouter.sol#127)
	Calls stack containing the loop:
		TermMaxRouter.swapExactTokenToToken(IERC20,IERC20,address,ITermMaxOrder[],uint128[],uint128,uint256)
TermMaxRouter._swapTokenToExactToken(IERC20,IERC20,address,ITermMaxOrder[],uint128[],uint128,uint256) (contracts/v1/router/TermMaxRouter.sol#147-164) has external calls inside a loop: netTokenIn += order.swapTokenToExactToken(tokenIn,tokenOut,recipient,tradingAmts[i],maxTokenIn,deadline) (contracts/v1/router/TermMaxRouter.sol#160-161)
	Calls stack containing the loop:
		TermMaxRouter.swapTokenToExactToken(IERC20,IERC20,address,ITermMaxOrder[],uint128[],uint128,uint256)
TermMaxRouter._swapExactTokenToToken(IERC20,IERC20,address,ITermMaxOrder[],uint128[],uint128,uint256) (contracts/v1/router/TermMaxRouter.sol#114-130) has external calls inside a loop: netTokenOut += order.swapExactTokenToToken(tokenIn,tokenOut,recipient,tradingAmts[i],0,deadline) (contracts/v1/router/TermMaxRouter.sol#127)
	Calls stack containing the loop:
		TermMaxRouter.sellTokens(address,ITermMaxMarket,uint128,uint128,ITermMaxOrder[],uint128[],uint128,uint256)
TermMaxRouter._swapExactTokenToToken(IERC20,IERC20,address,ITermMaxOrder[],uint128[],uint128,uint256) (contracts/v1/router/TermMaxRouter.sol#114-130) has external calls inside a loop: netTokenOut += order.swapExactTokenToToken(tokenIn,tokenOut,recipient,tradingAmts[i],0,deadline) (contracts/v1/router/TermMaxRouter.sol#127)
	Calls stack containing the loop:
		TermMaxRouter.leverageFromToken(address,ITermMaxMarket,ITermMaxOrder[],uint128[],uint128,uint128,uint128,SwapUnit[],uint256)
TermMaxRouter._swapTokenToExactToken(IERC20,IERC20,address,ITermMaxOrder[],uint128[],uint128,uint256) (contracts/v1/router/TermMaxRouter.sol#147-164) has external calls inside a loop: netTokenIn += order.swapTokenToExactToken(tokenIn,tokenOut,recipient,tradingAmts[i],maxTokenIn,deadline) (contracts/v1/router/TermMaxRouter.sol#160-161)
	Calls stack containing the loop:
		TermMaxRouter.borrowTokenFromCollateral(address,ITermMaxMarket,uint256,ITermMaxOrder[],uint128[],uint128,uint256)
TermMaxRouter._swapTokenToExactToken(IERC20,IERC20,address,ITermMaxOrder[],uint128[],uint128,uint256) (contracts/v1/router/TermMaxRouter.sol#147-164) has external calls inside a loop: netTokenIn += order.swapTokenToExactToken(tokenIn,tokenOut,recipient,tradingAmts[i],maxTokenIn,deadline) (contracts/v1/router/TermMaxRouter.sol#160-161)
	Calls stack containing the loop:
		TermMaxRouter.repayByTokenThroughFt(address,ITermMaxMarket,uint256,ITermMaxOrder[],uint128[],uint128,uint256)
TermMaxRouter._doSwap(bytes,SwapUnit[]) (contracts/v1/router/TermMaxRouter.sol#531-549) has external calls inside a loop: (success,returnData) = units[i].adapter.delegatecall(dataToSwap) (contracts/v1/router/TermMaxRouter.sol#542)
	Calls stack containing the loop:
		TermMaxRouter.redeemAndSwap(address,ITermMaxMarket,uint256,SwapUnit[],uint256)
TermMaxRouter._doSwap(bytes,SwapUnit[]) (contracts/v1/router/TermMaxRouter.sol#531-549) has external calls inside a loop: (success,returnData) = units[i].adapter.delegatecall(dataToSwap) (contracts/v1/router/TermMaxRouter.sol#542)
	Calls stack containing the loop:
		TermMaxRouter.executeOperation(address,IERC20,uint256,bytes)
TermMaxRouter._doSwap(bytes,SwapUnit[]) (contracts/v1/router/TermMaxRouter.sol#531-549) has external calls inside a loop: (success,returnData) = units[i].adapter.delegatecall(dataToSwap) (contracts/v1/router/TermMaxRouter.sol#542)
	Calls stack containing the loop:
		TermMaxRouter.executeOperation(IERC20,uint128,address,bytes,bytes)
TermMaxRouter._swapTokenToExactToken(IERC20,IERC20,address,ITermMaxOrder[],uint128[],uint128,uint256) (contracts/v1/router/TermMaxRouter.sol#147-164) has external calls inside a loop: netTokenIn += order.swapTokenToExactToken(tokenIn,tokenOut,recipient,tradingAmts[i],maxTokenIn,deadline) (contracts/v1/router/TermMaxRouter.sol#160-161)
	Calls stack containing the loop:
		TermMaxRouter.executeOperation(IERC20,uint128,address,bytes,bytes)
TermMaxRouter_Repay_Gt.assetsWithERC20Collateral(ITermMaxMarket,address) (contracts/v1/router/TermMaxRouter_Repay_Gt.sol#97-117) has external calls inside a loop: balances[i] = tokens[i].balanceOf(owner) (contracts/v1/router/TermMaxRouter_Repay_Gt.sol#109)
TermMaxRouter_Repay_Gt.assetsWithERC20Collateral(ITermMaxMarket,address) (contracts/v1/router/TermMaxRouter_Repay_Gt.sol#97-117) has external calls inside a loop: gtIds[i_scope_0] = IERC721Enumerable(gtAddr).tokenOfOwnerByIndex(owner,i_scope_0) (contracts/v1/router/TermMaxRouter_Repay_Gt.sol#115)
TermMaxRouter_Repay_Gt._swapExactTokenToToken(IERC20,IERC20,address,ITermMaxOrder[],uint128[],uint128,uint256) (contracts/v1/router/TermMaxRouter_Repay_Gt.sol#134-150) has external calls inside a loop: netTokenOut += order.swapExactTokenToToken(tokenIn,tokenOut,recipient,tradingAmts[i],0,deadline) (contracts/v1/router/TermMaxRouter_Repay_Gt.sol#147)
	Calls stack containing the loop:
		TermMaxRouter_Repay_Gt.swapExactTokenToToken(IERC20,IERC20,address,ITermMaxOrder[],uint128[],uint128,uint256)
TermMaxRouter_Repay_Gt._swapTokenToExactToken(IERC20,IERC20,address,ITermMaxOrder[],uint128[],uint128,uint256) (contracts/v1/router/TermMaxRouter_Repay_Gt.sol#167-184) has external calls inside a loop: netTokenIn += order.swapTokenToExactToken(tokenIn,tokenOut,recipient,tradingAmts[i],maxTokenIn,deadline) (contracts/v1/router/TermMaxRouter_Repay_Gt.sol#180-181)
	Calls stack containing the loop:
		TermMaxRouter_Repay_Gt.swapTokenToExactToken(IERC20,IERC20,address,ITermMaxOrder[],uint128[],uint128,uint256)
TermMaxRouter_Repay_Gt._swapExactTokenToToken(IERC20,IERC20,address,ITermMaxOrder[],uint128[],uint128,uint256) (contracts/v1/router/TermMaxRouter_Repay_Gt.sol#134-150) has external calls inside a loop: netTokenOut += order.swapExactTokenToToken(tokenIn,tokenOut,recipient,tradingAmts[i],0,deadline) (contracts/v1/router/TermMaxRouter_Repay_Gt.sol#147)
	Calls stack containing the loop:
		TermMaxRouter_Repay_Gt.sellTokens(address,ITermMaxMarket,uint128,uint128,ITermMaxOrder[],uint128[],uint128,uint256)
TermMaxRouter_Repay_Gt._swapExactTokenToToken(IERC20,IERC20,address,ITermMaxOrder[],uint128[],uint128,uint256) (contracts/v1/router/TermMaxRouter_Repay_Gt.sol#134-150) has external calls inside a loop: netTokenOut += order.swapExactTokenToToken(tokenIn,tokenOut,recipient,tradingAmts[i],0,deadline) (contracts/v1/router/TermMaxRouter_Repay_Gt.sol#147)
	Calls stack containing the loop:
		TermMaxRouter_Repay_Gt.leverageFromToken(address,ITermMaxMarket,ITermMaxOrder[],uint128[],uint128,uint128,uint128,SwapUnit[],uint256)
TermMaxRouter_Repay_Gt._swapTokenToExactToken(IERC20,IERC20,address,ITermMaxOrder[],uint128[],uint128,uint256) (contracts/v1/router/TermMaxRouter_Repay_Gt.sol#167-184) has external calls inside a loop: netTokenIn += order.swapTokenToExactToken(tokenIn,tokenOut,recipient,tradingAmts[i],maxTokenIn,deadline) (contracts/v1/router/TermMaxRouter_Repay_Gt.sol#180-181)
	Calls stack containing the loop:
		TermMaxRouter_Repay_Gt.borrowTokenFromCollateral(address,ITermMaxMarket,uint256,ITermMaxOrder[],uint128[],uint128,uint256)
TermMaxRouter_Repay_Gt._swapTokenToExactToken(IERC20,IERC20,address,ITermMaxOrder[],uint128[],uint128,uint256) (contracts/v1/router/TermMaxRouter_Repay_Gt.sol#167-184) has external calls inside a loop: netTokenIn += order.swapTokenToExactToken(tokenIn,tokenOut,recipient,tradingAmts[i],maxTokenIn,deadline) (contracts/v1/router/TermMaxRouter_Repay_Gt.sol#180-181)
	Calls stack containing the loop:
		TermMaxRouter_Repay_Gt.repayByTokenThroughFt(address,ITermMaxMarket,uint256,ITermMaxOrder[],uint128[],uint128,uint256)
TermMaxRouter_Repay_Gt._doSwap(bytes,SwapUnit[]) (contracts/v1/router/TermMaxRouter_Repay_Gt.sol#567-585) has external calls inside a loop: (success,returnData) = units[i].adapter.delegatecall(dataToSwap) (contracts/v1/router/TermMaxRouter_Repay_Gt.sol#578)
	Calls stack containing the loop:
		TermMaxRouter_Repay_Gt.redeemAndSwap(address,ITermMaxMarket,uint256,SwapUnit[],uint256)
TermMaxRouter_Repay_Gt._doSwap(bytes,SwapUnit[]) (contracts/v1/router/TermMaxRouter_Repay_Gt.sol#567-585) has external calls inside a loop: (success,returnData) = units[i].adapter.delegatecall(dataToSwap) (contracts/v1/router/TermMaxRouter_Repay_Gt.sol#578)
	Calls stack containing the loop:
		TermMaxRouter_Repay_Gt.executeOperation(address,IERC20,uint256,bytes)
TermMaxRouter_Repay_Gt._doSwap(bytes,SwapUnit[]) (contracts/v1/router/TermMaxRouter_Repay_Gt.sol#567-585) has external calls inside a loop: (success,returnData) = units[i].adapter.delegatecall(dataToSwap) (contracts/v1/router/TermMaxRouter_Repay_Gt.sol#578)
	Calls stack containing the loop:
		TermMaxRouter_Repay_Gt.executeOperation(IERC20,uint128,address,bytes,bytes)
TermMaxRouter_Repay_Gt._swapTokenToExactToken(IERC20,IERC20,address,ITermMaxOrder[],uint128[],uint128,uint256) (contracts/v1/router/TermMaxRouter_Repay_Gt.sol#167-184) has external calls inside a loop: netTokenIn += order.swapTokenToExactToken(tokenIn,tokenOut,recipient,tradingAmts[i],maxTokenIn,deadline) (contracts/v1/router/TermMaxRouter_Repay_Gt.sol#180-181)
	Calls stack containing the loop:
		TermMaxRouter_Repay_Gt.executeOperation(IERC20,uint128,address,bytes,bytes)
TermMaxRouter_V1_1_2.assetsWithERC20Collateral(ITermMaxMarket,address) (contracts/v1/router/TermMaxRouter_V1_1_2.sol#105-125) has external calls inside a loop: balances[i] = tokens[i].balanceOf(owner) (contracts/v1/router/TermMaxRouter_V1_1_2.sol#117)
TermMaxRouter_V1_1_2.assetsWithERC20Collateral(ITermMaxMarket,address) (contracts/v1/router/TermMaxRouter_V1_1_2.sol#105-125) has external calls inside a loop: gtIds[i_scope_0] = IERC721Enumerable(gtAddr).tokenOfOwnerByIndex(owner,i_scope_0) (contracts/v1/router/TermMaxRouter_V1_1_2.sol#123)
TermMaxRouter_V1_1_2._swapExactTokenToToken(IERC20,IERC20,address,ITermMaxOrder[],uint128[],uint128,uint256) (contracts/v1/router/TermMaxRouter_V1_1_2.sol#178-194) has external calls inside a loop: netTokenOut += order.swapExactTokenToToken(tokenIn,tokenOut,recipient,tradingAmts[i],0,deadline) (contracts/v1/router/TermMaxRouter_V1_1_2.sol#191)
	Calls stack containing the loop:
		TermMaxRouter_V1_1_2.swapExactTokenToToken(IERC20,IERC20,address,ITermMaxOrder[],uint128[],uint128,uint256)
WithWhitelistCheck._checkWhitelisted(address,IWhitelistManager.ContractModule) (contracts/v2/access/WithWhitelistCheck.sol#30-32) has external calls inside a loop: ! whitelistManager.isWhitelisted(target,module) (contracts/v2/access/WithWhitelistCheck.sol#31)
	Calls stack containing the loop:
		TermMaxRouter_V1_1_2.swapExactTokenToTokenWithDex(IERC20,uint256,IERC20,address,ITermMaxOrder,uint128,uint256,SwapUnit[])
		TermMaxRouter_V1_1_2._doSwap(bytes,SwapUnit[])
TermMaxRouter_V1_1_2._doSwap(bytes,SwapUnit[]) (contracts/v1/router/TermMaxRouter_V1_1_2.sol#651-668) has external calls inside a loop: (success,returnData) = units[i].adapter.delegatecall(dataToSwap) (contracts/v1/router/TermMaxRouter_V1_1_2.sol#661)
	Calls stack containing the loop:
		TermMaxRouter_V1_1_2.swapExactTokenToTokenWithDex(IERC20,uint256,IERC20,address,ITermMaxOrder,uint128,uint256,SwapUnit[])
TermMaxRouter_V1_1_2._swapExactTokenToToken(IERC20,IERC20,address,ITermMaxOrder[],uint128[],uint128,uint256) (contracts/v1/router/TermMaxRouter_V1_1_2.sol#178-194) has external calls inside a loop: netTokenOut += order.swapExactTokenToToken(tokenIn,tokenOut,recipient,tradingAmts[i],0,deadline) (contracts/v1/router/TermMaxRouter_V1_1_2.sol#191)
	Calls stack containing the loop:
		TermMaxRouter_V1_1_2.swapExactTokenToTokenWithDex(IERC20,uint256,IERC20,address,ITermMaxOrder,uint128,uint256,SwapUnit[])
TermMaxRouter_V1_1_2._swapTokenToExactToken(IERC20,IERC20,address,ITermMaxOrder[],uint128[],uint128,uint256) (contracts/v1/router/TermMaxRouter_V1_1_2.sol#211-228) has external calls inside a loop: netTokenIn += order.swapTokenToExactToken(tokenIn,tokenOut,recipient,tradingAmts[i],maxTokenIn,deadline) (contracts/v1/router/TermMaxRouter_V1_1_2.sol#224-225)
	Calls stack containing the loop:
		TermMaxRouter_V1_1_2.swapTokenToExactToken(IERC20,IERC20,address,ITermMaxOrder[],uint128[],uint128,uint256)
TermMaxRouter_V1_1_2._swapExactTokenToToken(IERC20,IERC20,address,ITermMaxOrder[],uint128[],uint128,uint256) (contracts/v1/router/TermMaxRouter_V1_1_2.sol#178-194) has external calls inside a loop: netTokenOut += order.swapExactTokenToToken(tokenIn,tokenOut,recipient,tradingAmts[i],0,deadline) (contracts/v1/router/TermMaxRouter_V1_1_2.sol#191)
	Calls stack containing the loop:
		TermMaxRouter_V1_1_2.leverageFromToken(address,ITermMaxMarket,ITermMaxOrder[],uint128[],uint128,uint128,uint128,SwapUnit[],uint256)
TermMaxRouter_V1_1_2._swapTokenToExactToken(IERC20,IERC20,address,ITermMaxOrder[],uint128[],uint128,uint256) (contracts/v1/router/TermMaxRouter_V1_1_2.sol#211-228) has external calls inside a loop: netTokenIn += order.swapTokenToExactToken(tokenIn,tokenOut,recipient,tradingAmts[i],maxTokenIn,deadline) (contracts/v1/router/TermMaxRouter_V1_1_2.sol#224-225)
	Calls stack containing the loop:
		TermMaxRouter_V1_1_2.borrowTokenFromCollateral(address,ITermMaxMarket,uint256,ITermMaxOrder[],uint128[],uint128,uint256)
TermMaxRouter_V1_1_2._swapTokenToExactToken(IERC20,IERC20,address,ITermMaxOrder[],uint128[],uint128,uint256) (contracts/v1/router/TermMaxRouter_V1_1_2.sol#211-228) has external calls inside a loop: netTokenIn += order.swapTokenToExactToken(tokenIn,tokenOut,recipient,tradingAmts[i],maxTokenIn,deadline) (contracts/v1/router/TermMaxRouter_V1_1_2.sol#224-225)
	Calls stack containing the loop:
		TermMaxRouter_V1_1_2.repayByTokenThroughFt(address,ITermMaxMarket,uint256,ITermMaxOrder[],uint128[],uint128,uint256)
TermMaxRouter_V1_1_2._doSwap(bytes,SwapUnit[]) (contracts/v1/router/TermMaxRouter_V1_1_2.sol#651-668) has external calls inside a loop: (success,returnData) = units[i].adapter.delegatecall(dataToSwap) (contracts/v1/router/TermMaxRouter_V1_1_2.sol#661)
	Calls stack containing the loop:
		TermMaxRouter_V1_1_2.redeemAndSwap(address,ITermMaxMarket,uint256,SwapUnit[],uint256)
WithWhitelistCheck._checkWhitelisted(address,IWhitelistManager.ContractModule) (contracts/v2/access/WithWhitelistCheck.sol#30-32) has external calls inside a loop: ! whitelistManager.isWhitelisted(target,module) (contracts/v2/access/WithWhitelistCheck.sol#31)
	Calls stack containing the loop:
		TermMaxRouter_V1_1_2.executeOperation(address,IERC20,uint256,bytes)
		TermMaxRouter_V1_1_2._exactPositionLeverage(bytes)
		TermMaxRouter_V1_1_2._doSwap(bytes,SwapUnit[])
TermMaxRouter_V1_1_2._doSwap(bytes,SwapUnit[]) (contracts/v1/router/TermMaxRouter_V1_1_2.sol#651-668) has external calls inside a loop: (success,returnData) = units[i].adapter.delegatecall(dataToSwap) (contracts/v1/router/TermMaxRouter_V1_1_2.sol#661)
	Calls stack containing the loop:
		TermMaxRouter_V1_1_2.executeOperation(address,IERC20,uint256,bytes)
		TermMaxRouter_V1_1_2._exactPositionLeverage(bytes)
WithWhitelistCheck._checkWhitelisted(address,IWhitelistManager.ContractModule) (contracts/v2/access/WithWhitelistCheck.sol#30-32) has external calls inside a loop: ! whitelistManager.isWhitelisted(target,module) (contracts/v2/access/WithWhitelistCheck.sol#31)
	Calls stack containing the loop:
		TermMaxRouter_V1_1_2.executeOperation(IERC20,uint128,address,bytes,bytes)
		TermMaxRouter_V1_1_2._doSwap(bytes,SwapUnit[])
TermMaxRouter_V1_1_2._doSwap(bytes,SwapUnit[]) (contracts/v1/router/TermMaxRouter_V1_1_2.sol#651-668) has external calls inside a loop: (success,returnData) = units[i].adapter.delegatecall(dataToSwap) (contracts/v1/router/TermMaxRouter_V1_1_2.sol#661)
	Calls stack containing the loop:
		TermMaxRouter_V1_1_2.executeOperation(IERC20,uint128,address,bytes,bytes)
TermMaxRouter_V1_1_2._swapTokenToExactToken(IERC20,IERC20,address,ITermMaxOrder[],uint128[],uint128,uint256) (contracts/v1/router/TermMaxRouter_V1_1_2.sol#211-228) has external calls inside a loop: netTokenIn += order.swapTokenToExactToken(tokenIn,tokenOut,recipient,tradingAmts[i],maxTokenIn,deadline) (contracts/v1/router/TermMaxRouter_V1_1_2.sol#224-225)
	Calls stack containing the loop:
		TermMaxRouter_V1_1_2.executeOperation(IERC20,uint128,address,bytes,bytes)
OrderManager._updateOrder(IERC20,ITermMaxOrder,int256,uint256,CurveCuts) (contracts/v1/vault/OrderManager.sol#114-145) has external calls inside a loop: order.updateOrder(newOrderConfig,changes,changes) (contracts/v1/vault/OrderManager.sol#130)
	Calls stack containing the loop:
		OrderManager.updateOrders(IERC20,ITermMaxOrder[],int256[],uint256[],CurveCuts[])
OrderManager._updateOrder(IERC20,ITermMaxOrder,int256,uint256,CurveCuts) (contracts/v1/vault/OrderManager.sol#114-145) has external calls inside a loop: orderInfo.market.burn(address(this),withdrawChanges) (contracts/v1/vault/OrderManager.sol#134)
	Calls stack containing the loop:
		OrderManager.updateOrders(IERC20,ITermMaxOrder[],int256[],uint256[],CurveCuts[])
OrderManager._updateOrder(IERC20,ITermMaxOrder,int256,uint256,CurveCuts) (contracts/v1/vault/OrderManager.sol#114-145) has external calls inside a loop: orderInfo.market.mint(address(order),depositChanges) (contracts/v1/vault/OrderManager.sol#139)
	Calls stack containing the loop:
		OrderManager.updateOrders(IERC20,ITermMaxOrder[],int256[],uint256[],CurveCuts[])
OrderManager._updateOrder(IERC20,ITermMaxOrder,int256,uint256,CurveCuts) (contracts/v1/vault/OrderManager.sol#114-145) has external calls inside a loop: order.updateOrder(newOrderConfig,0,0) (contracts/v1/vault/OrderManager.sol#141)
	Calls stack containing the loop:
		OrderManager.updateOrders(IERC20,ITermMaxOrder[],int256[],uint256[],CurveCuts[])
OrderManager.depositAssets(IERC20,uint256) (contracts/v1/vault/OrderManager.sol#150-175) has external calls inside a loop: xtReserve = orderInfo.xt.balanceOf(order) (contracts/v1/vault/OrderManager.sol#161)
OrderManager._redeemFromMarket(address,OrderInfo) (contracts/v1/vault/OrderManager.sol#280-297) has external calls inside a loop: ftReserve = orderInfo.ft.balanceOf(order) (contracts/v1/vault/OrderManager.sol#281)
	Calls stack containing the loop:
		OrderManager.withdrawAssets(IERC20,address,uint256)
OrderManager._redeemFromMarket(address,OrderInfo) (contracts/v1/vault/OrderManager.sol#280-297) has external calls inside a loop: ITermMaxOrder(order).withdrawAssets(orderInfo.ft,address(this),ftReserve) (contracts/v1/vault/OrderManager.sol#283)
	Calls stack containing the loop:
		OrderManager.withdrawAssets(IERC20,address,uint256)
OrderManager._redeemFromMarket(address,OrderInfo) (contracts/v1/vault/OrderManager.sol#280-297) has external calls inside a loop: (totalRedeem,None) = orderInfo.market.redeem(ftReserve,address(this)) (contracts/v1/vault/OrderManager.sol#285)
	Calls stack containing the loop:
		OrderManager.withdrawAssets(IERC20,address,uint256)
OrderManager._redeemFromMarket(address,OrderInfo) (contracts/v1/vault/OrderManager.sol#280-297) has external calls inside a loop: (None,None,None,collateral,None) = orderInfo.market.tokens() (contracts/v1/vault/OrderManager.sol#288)
	Calls stack containing the loop:
		OrderManager.withdrawAssets(IERC20,address,uint256)
OrderManager.withdrawAssets(IERC20,address,uint256) (contracts/v1/vault/OrderManager.sol#180-235) has external calls inside a loop: maxWithdraw = orderInfo.xt.balanceOf(order).min(orderInfo.ft.balanceOf(order)) (contracts/v1/vault/OrderManager.sol#209)
OrderManager._burnFromOrder(ITermMaxOrder,OrderInfo,uint256) (contracts/v1/vault/OrderManager.sol#271-278) has external calls inside a loop: order.withdrawAssets(orderInfo.ft,address(this),amount) (contracts/v1/vault/OrderManager.sol#272)
	Calls stack containing the loop:
		OrderManager.withdrawAssets(IERC20,address,uint256)
OrderManager._burnFromOrder(ITermMaxOrder,OrderInfo,uint256) (contracts/v1/vault/OrderManager.sol#271-278) has external calls inside a loop: order.withdrawAssets(orderInfo.xt,address(this),amount) (contracts/v1/vault/OrderManager.sol#273)
	Calls stack containing the loop:
		OrderManager.withdrawAssets(IERC20,address,uint256)
OrderManager._burnFromOrder(ITermMaxOrder,OrderInfo,uint256) (contracts/v1/vault/OrderManager.sol#271-278) has external calls inside a loop: orderInfo.market.burn(address(this),amount) (contracts/v1/vault/OrderManager.sol#277)
	Calls stack containing the loop:
		OrderManager.withdrawAssets(IERC20,address,uint256)
TermMaxVault.pause() (contracts/v1/vault/TermMaxVault.sol#677-683) has external calls inside a loop: ITermMaxOrder(_supplyQueue[i]).pause() (contracts/v1/vault/TermMaxVault.sol#681)
TermMaxVault.unpause() (contracts/v1/vault/TermMaxVault.sol#688-694) has external calls inside a loop: ITermMaxOrder(_supplyQueue[i]).unpause() (contracts/v1/vault/TermMaxVault.sol#692)
AccessManagerV2.batchSetSwitch(IPausable[],bool) (contracts/v2/access/AccessManagerV2.sol#48-58) has external calls inside a loop: entities[i].unpause() (contracts/v2/access/AccessManagerV2.sol#51)
AccessManagerV2.batchSetSwitch(IPausable[],bool) (contracts/v2/access/AccessManagerV2.sol#48-58) has external calls inside a loop: entities[i_scope_0].pause() (contracts/v2/access/AccessManagerV2.sol#55)
TermMaxRewardContract.claimRewards(IERC20[],address) (contracts/v2/activity/TermMaxRewardContract.sol#61-85) has external calls inside a loop: address(to).transfer(amounts[i]) (contracts/v2/activity/TermMaxRewardContract.sol#79)
TermMaxRouterV2._executeSwapPaths(SwapPath[]) (contracts/v2/router/TermMaxRouterV2.sol#117-130) has external calls inside a loop: balanceOnChain = IERC20(path.units[0].tokenIn).balanceOf(address(this)) (contracts/v2/router/TermMaxRouterV2.sol#122)
	Calls stack containing the loop:
		TermMaxRouterV2.swapTokens(SwapPath[])
WithWhitelistCheck._checkWhitelisted(address,IWhitelistManager.ContractModule) (contracts/v2/access/WithWhitelistCheck.sol#30-32) has external calls inside a loop: ! whitelistManager.isWhitelisted(target,module) (contracts/v2/access/WithWhitelistCheck.sol#31)
	Calls stack containing the loop:
		TermMaxRouterV2.swapTokens(SwapPath[])
		TermMaxRouterV2._executeSwapPaths(SwapPath[])
		TermMaxRouterV2._executeSwapUnits(address,uint256,SwapUnit[])
		TermMaxRouterV2._checkAdapterWhitelist(address)
TermMaxRouterV2._executeSwapUnits(address,uint256,SwapUnit[]) (contracts/v2/router/TermMaxRouterV2.sol#132-164) has external calls inside a loop: (success,returnData) = units[i].adapter.delegatecall(dataToSwap) (contracts/v2/router/TermMaxRouterV2.sol#157)
	Calls stack containing the loop:
		TermMaxRouterV2.swapTokens(SwapPath[])
		TermMaxRouterV2._executeSwapPaths(SwapPath[])
TermMaxRouterV2._executeSwapPaths(SwapPath[]) (contracts/v2/router/TermMaxRouterV2.sol#117-130) has external calls inside a loop: balanceOnChain = IERC20(path.units[0].tokenIn).balanceOf(address(this)) (contracts/v2/router/TermMaxRouterV2.sol#122)
	Calls stack containing the loop:
		TermMaxRouterV2.leverage(address,ITermMaxMarket,uint128,bool,SwapPath[],SwapPath,SwapPath)
TermMaxRouterV2._executeSwapUnits(address,uint256,SwapUnit[]) (contracts/v2/router/TermMaxRouterV2.sol#132-164) has external calls inside a loop: (success,returnData) = units[i].adapter.delegatecall(dataToSwap) (contracts/v2/router/TermMaxRouterV2.sol#157)
	Calls stack containing the loop:
		TermMaxRouterV2.leverage(address,ITermMaxMarket,uint128,bool,SwapPath[],SwapPath,SwapPath)
		TermMaxRouterV2._executeSwapPaths(SwapPath[])
TermMaxRouterV2._executeSwapUnits(address,uint256,SwapUnit[]) (contracts/v2/router/TermMaxRouterV2.sol#132-164) has external calls inside a loop: (success,returnData) = units[i].adapter.delegatecall(dataToSwap) (contracts/v2/router/TermMaxRouterV2.sol#157)
	Calls stack containing the loop:
		TermMaxRouterV2.borrowTokenFromCollateral(address,ITermMaxMarket,uint256,uint128,SwapPath)
TermMaxRouterV2._executeSwapPaths(SwapPath[]) (contracts/v2/router/TermMaxRouterV2.sol#117-130) has external calls inside a loop: balanceOnChain = IERC20(path.units[0].tokenIn).balanceOf(address(this)) (contracts/v2/router/TermMaxRouterV2.sol#122)
	Calls stack containing the loop:
		TermMaxRouterV2.swapAndRepay(ITermMaxMarket,uint256,uint128,bool,SwapPath[])
TermMaxRouterV2._executeSwapUnits(address,uint256,SwapUnit[]) (contracts/v2/router/TermMaxRouterV2.sol#132-164) has external calls inside a loop: (success,returnData) = units[i].adapter.delegatecall(dataToSwap) (contracts/v2/router/TermMaxRouterV2.sol#157)
	Calls stack containing the loop:
		TermMaxRouterV2.swapAndRepay(ITermMaxMarket,uint256,uint128,bool,SwapPath[])
		TermMaxRouterV2._executeSwapPaths(SwapPath[])
WithWhitelistCheck._checkWhitelisted(address,IWhitelistManager.ContractModule) (contracts/v2/access/WithWhitelistCheck.sol#30-32) has external calls inside a loop: ! whitelistManager.isWhitelisted(target,module) (contracts/v2/access/WithWhitelistCheck.sol#31)
	Calls stack containing the loop:
		TermMaxRouterV2.executeOperation(address,IERC20,uint256,bytes)
		TermMaxRouterV2._executeSwapUnits(address,uint256,SwapUnit[])
		TermMaxRouterV2._checkAdapterWhitelist(address)
TermMaxRouterV2._executeSwapUnits(address,uint256,SwapUnit[]) (contracts/v2/router/TermMaxRouterV2.sol#132-164) has external calls inside a loop: (success,returnData) = units[i].adapter.delegatecall(dataToSwap) (contracts/v2/router/TermMaxRouterV2.sol#157)
	Calls stack containing the loop:
		TermMaxRouterV2.executeOperation(address,IERC20,uint256,bytes)
WithWhitelistCheck._checkWhitelisted(address,IWhitelistManager.ContractModule) (contracts/v2/access/WithWhitelistCheck.sol#30-32) has external calls inside a loop: ! whitelistManager.isWhitelisted(target,module) (contracts/v2/access/WithWhitelistCheck.sol#31)
	Calls stack containing the loop:
		TermMaxRouterV2.executeOperation(IERC20,uint128,address,bytes,bytes)
		TermMaxRouterV2._flashRepay(bytes)
		TermMaxRouterV2._executeSwapUnits(address,uint256,SwapUnit[])
		TermMaxRouterV2._checkAdapterWhitelist(address)
TermMaxRouterV2._executeSwapUnits(address,uint256,SwapUnit[]) (contracts/v2/router/TermMaxRouterV2.sol#132-164) has external calls inside a loop: (success,returnData) = units[i].adapter.delegatecall(dataToSwap) (contracts/v2/router/TermMaxRouterV2.sol#157)
	Calls stack containing the loop:
		TermMaxRouterV2.executeOperation(IERC20,uint128,address,bytes,bytes)
		TermMaxRouterV2._flashRepay(bytes)
TermMaxViewer.assetsWithERC20Collateral(ITermMaxMarket,address) (contracts/v2/router/TermMaxViewer.sol#119-138) has external calls inside a loop: balances[i] = tokens[i].balanceOf(owner) (contracts/v2/router/TermMaxViewer.sol#130)
TermMaxViewer.assetsWithERC20Collateral(ITermMaxMarket,address) (contracts/v2/router/TermMaxViewer.sol#119-138) has external calls inside a loop: gtIds[i_scope_0] = IERC721Enumerable(gtAddr).tokenOfOwnerByIndex(owner,i_scope_0) (contracts/v2/router/TermMaxViewer.sol#136)
TermMaxViewer.getPoolUnclaimedRewards(ITermMax4626Pool[]) (contracts/v2/router/TermMaxViewer.sol#158-190) has external calls inside a loop: asset[i] = pool.asset() (contracts/v2/router/TermMaxViewer.sol#167)
TermMaxViewer.getPoolUnclaimedRewards(ITermMax4626Pool[]) (contracts/v2/router/TermMaxViewer.sol#158-190) has external calls inside a loop: incomeAssets = pool.currentIncomeAssets() (contracts/v2/router/TermMaxViewer.sol#169-174)
TermMaxViewer.getPoolUnclaimedRewards(ITermMax4626Pool[]) (contracts/v2/router/TermMaxViewer.sol#158-190) has external calls inside a loop: totalAssets = pool.totalAssets() (contracts/v2/router/TermMaxViewer.sol#178)
TermMaxViewer.getPoolUnclaimedRewards(ITermMax4626Pool[]) (contracts/v2/router/TermMaxViewer.sol#158-190) has external calls inside a loop: totalFunds = IERC20(asset[i]).balanceOf(address(pool)) (contracts/v2/router/TermMaxViewer.sol#179)
TermMaxViewer.getPoolUnclaimedRewards(ITermMax4626Pool[]) (contracts/v2/router/TermMaxViewer.sol#158-190) has external calls inside a loop: aToken = pool.aToken() (contracts/v2/router/TermMaxViewer.sol#180-187)
TermMaxViewer.getPoolUnclaimedRewards(ITermMax4626Pool[]) (contracts/v2/router/TermMaxViewer.sol#158-190) has external calls inside a loop: totalFunds += aToken.balanceOf(address(pool)) (contracts/v2/router/TermMaxViewer.sol#182)
TermMaxViewer.getPoolUnclaimedRewards(ITermMax4626Pool[]) (contracts/v2/router/TermMaxViewer.sol#158-190) has external calls inside a loop: thirdPool = pool.thirdPool() (contracts/v2/router/TermMaxViewer.sol#185)
TermMaxViewer.getPoolUnclaimedRewards(ITermMax4626Pool[]) (contracts/v2/router/TermMaxViewer.sol#158-190) has external calls inside a loop: totalFunds += thirdPool.convertToAssets(thirdPool.balanceOf(address(pool))) (contracts/v2/router/TermMaxViewer.sol#186)
TermMaxViewer.getPositionDetail(ITermMaxMarket,address) (contracts/v2/router/TermMaxViewer.sol#193-221) has external calls inside a loop: loanId = gtNft.tokenOfOwnerByIndex(owner,i) (contracts/v2/router/TermMaxViewer.sol#207)
TermMaxViewer.getPositionDetail(ITermMaxMarket,address) (contracts/v2/router/TermMaxViewer.sol#193-221) has external calls inside a loop: (debtAmt,collateralData) = gt.loanInfo(loanId) (contracts/v2/router/TermMaxViewer.sol#208-215)
TermMaxViewer.getPositionDetail(ITermMaxMarket,address) (contracts/v2/router/TermMaxViewer.sol#193-221) has external calls inside a loop: (ft,xt,gt,collateral,underlying) = market.tokens() (contracts/v2/router/TermMaxViewer.sol#194-195)
	Calls stack containing the loop:
		TermMaxViewer.getPositionDetails(ITermMaxMarket[],address)
TermMaxViewer.getPositionDetail(ITermMaxMarket,address) (contracts/v2/router/TermMaxViewer.sol#193-221) has external calls inside a loop: position.underlyingBalance = underlying.balanceOf(owner) (contracts/v2/router/TermMaxViewer.sol#196)
	Calls stack containing the loop:
		TermMaxViewer.getPositionDetails(ITermMaxMarket[],address)
TermMaxViewer.getPositionDetail(ITermMaxMarket,address) (contracts/v2/router/TermMaxViewer.sol#193-221) has external calls inside a loop: position.collateralBalance = IERC20(collateral).balanceOf(owner) (contracts/v2/router/TermMaxViewer.sol#197)
	Calls stack containing the loop:
		TermMaxViewer.getPositionDetails(ITermMaxMarket[],address)
TermMaxViewer.getPositionDetail(ITermMaxMarket,address) (contracts/v2/router/TermMaxViewer.sol#193-221) has external calls inside a loop: position.ftBalance = ft.balanceOf(owner) (contracts/v2/router/TermMaxViewer.sol#198)
	Calls stack containing the loop:
		TermMaxViewer.getPositionDetails(ITermMaxMarket[],address)
TermMaxViewer.getPositionDetail(ITermMaxMarket,address) (contracts/v2/router/TermMaxViewer.sol#193-221) has external calls inside a loop: position.xtBalance = xt.balanceOf(owner) (contracts/v2/router/TermMaxViewer.sol#199)
	Calls stack containing the loop:
		TermMaxViewer.getPositionDetails(ITermMaxMarket[],address)
TermMaxViewer.getPositionDetail(ITermMaxMarket,address) (contracts/v2/router/TermMaxViewer.sol#193-221) has external calls inside a loop: balance = gtNft.balanceOf(owner) (contracts/v2/router/TermMaxViewer.sol#202)
	Calls stack containing the loop:
		TermMaxViewer.getPositionDetails(ITermMaxMarket[],address)
TermMaxViewer.getPositionDetail(ITermMaxMarket,address) (contracts/v2/router/TermMaxViewer.sol#193-221) has external calls inside a loop: loanId = gtNft.tokenOfOwnerByIndex(owner,i) (contracts/v2/router/TermMaxViewer.sol#207)
	Calls stack containing the loop:
		TermMaxViewer.getPositionDetails(ITermMaxMarket[],address)
TermMaxViewer.getPositionDetail(ITermMaxMarket,address) (contracts/v2/router/TermMaxViewer.sol#193-221) has external calls inside a loop: (debtAmt,collateralData) = gt.loanInfo(loanId) (contracts/v2/router/TermMaxViewer.sol#208-215)
	Calls stack containing the loop:
		TermMaxViewer.getPositionDetails(ITermMaxMarket[],address)
TermMaxViewer.getAllLoanPosition(ITermMaxMarket,address) (contracts/v2/router/TermMaxViewer.sol#235-258) has external calls inside a loop: loanId = gt.tokenOfOwnerByIndex(owner,i) (contracts/v2/router/TermMaxViewer.sol#242)
TermMaxViewer.getAllLoanPosition(ITermMaxMarket,address) (contracts/v2/router/TermMaxViewer.sol#235-258) has external calls inside a loop: (debtAmt,collateralData) = gt.loanInfo(loanId) (contracts/v2/router/TermMaxViewer.sol#243-250)
TermMaxViewer.getAllLoanPositionV2(ITermMaxMarket) (contracts/v2/router/TermMaxViewer.sol#260-294) has external calls inside a loop: loanId = gtNft.tokenByIndex(i) (contracts/v2/router/TermMaxViewer.sol#268)
TermMaxViewer.getAllLoanPositionV2(ITermMaxMarket) (contracts/v2/router/TermMaxViewer.sol#260-294) has external calls inside a loop: (owner,debtAmt,collateralData) = gtNft.loanInfo(loanId) (contracts/v2/router/TermMaxViewer.sol#269-286)
TermMaxViewer.getAllLoanPositionV2(ITermMaxMarket) (contracts/v2/router/TermMaxViewer.sol#260-294) has external calls inside a loop: (isLiquidable,ltv,maxRepayAmt) = gtNft.getLiquidationInfo(loanId) (contracts/v2/router/TermMaxViewer.sol#274-281)
TermMaxViewer.getVaultBalance(address,ITermMaxVault[],OracleAggregator) (contracts/v2/router/TermMaxViewer.sol#296-315) has external calls inside a loop: asset = vaults[i].asset() (contracts/v2/router/TermMaxViewer.sol#303)
TermMaxViewer.getVaultBalance(address,ITermMaxVault[],OracleAggregator) (contracts/v2/router/TermMaxViewer.sol#296-315) has external calls inside a loop: balance = vaults[i].balanceOf(user) (contracts/v2/router/TermMaxViewer.sol#304)
TermMaxViewer.getVaultBalance(address,ITermMaxVault[],OracleAggregator) (contracts/v2/router/TermMaxViewer.sol#296-315) has external calls inside a loop: vaultPositions[i].toAssetBalance = vaults[i].convertToAssets(balance) (contracts/v2/router/TermMaxViewer.sol#306)
TermMaxViewer.getVaultBalance(address,ITermMaxVault[],OracleAggregator) (contracts/v2/router/TermMaxViewer.sol#296-315) has external calls inside a loop: (price) = oracleAggregator.getPrice(asset) (contracts/v2/router/TermMaxViewer.sol#307-312)
TermMaxViewer.getVaultBalance(address,ITermMaxVault[],OracleAggregator) (contracts/v2/router/TermMaxViewer.sol#296-315) has external calls inside a loop: assetDecimals = IERC20Metadata(asset).decimals() (contracts/v2/router/TermMaxViewer.sol#308)
TermMaxViewer.getVaultInfo(ITermMaxVault) (contracts/v2/router/TermMaxViewer.sol#348-396) has external calls inside a loop: vaultInfo.supplyQueue[i] = vault.supplyQueue(i) (contracts/v2/router/TermMaxViewer.sol#378)
TermMaxViewer.getVaultInfo(ITermMaxVault) (contracts/v2/router/TermMaxViewer.sol#348-396) has external calls inside a loop: vaultInfo.withdrawQueue[i_scope_0] = vault.withdrawQueue(i_scope_0) (contracts/v2/router/TermMaxViewer.sol#384)
TermMaxViewer.getVaultOrdersInfo(ITermMaxVault) (contracts/v2/router/TermMaxViewer.sol#403-414) has external calls inside a loop: orderAddress = vault.supplyQueue(i) (contracts/v2/router/TermMaxViewer.sol#408)
TermMaxViewer.getVaultOrdersInfo(ITermMaxVault) (contracts/v2/router/TermMaxViewer.sol#403-414) has external calls inside a loop: orderInfos[i] = this.getOrderState(order) (contracts/v2/router/TermMaxViewer.sol#410)
TermMaxViewer.getVaultPendingMarkets(ITermMaxVault,address[]) (contracts/v2/router/TermMaxViewer.sol#416-426) has external calls inside a loop: pendingMarkets[i] = vault.pendingMarkets(markets[i]) (contracts/v2/router/TermMaxViewer.sol#423)
TermMaxSwapAdapter._checkOrderCallback(address) (contracts/v2/router/swapAdapters/TermMaxSwapAdapter.sol#109-123) has external calls inside a loop: callbackAddr = address(ITermMaxOrder(order).orderConfig().swapTrigger) (contracts/v2/router/swapAdapters/TermMaxSwapAdapter.sol#110)
	Calls stack containing the loop:
		ERC20SwapAdapterV2.swap(address,address,address,uint256,bytes)
		TermMaxSwapAdapter._swap(address,IERC20,IERC20,uint256,bytes)
TermMaxSwapAdapter._checkOrderCallback(address) (contracts/v2/router/swapAdapters/TermMaxSwapAdapter.sol#109-123) has external calls inside a loop: callbackAddr != address(0) && ! whitelistManager.isWhitelisted(callbackAddr,IWhitelistManager.ContractModule.ORDER_CALLBACK) (contracts/v2/router/swapAdapters/TermMaxSwapAdapter.sol#112-113)
	Calls stack containing the loop:
		ERC20SwapAdapterV2.swap(address,address,address,uint256,bytes)
		TermMaxSwapAdapter._swap(address,IERC20,IERC20,uint256,bytes)
TermMaxSwapAdapter._checkOrderCallback(address) (contracts/v2/router/swapAdapters/TermMaxSwapAdapter.sol#109-123) has external calls inside a loop: pool4626 = ITermMaxOrder(order).pool() (contracts/v2/router/swapAdapters/TermMaxSwapAdapter.sol#117-122)
	Calls stack containing the loop:
		ERC20SwapAdapterV2.swap(address,address,address,uint256,bytes)
		TermMaxSwapAdapter._swap(address,IERC20,IERC20,uint256,bytes)
TermMaxSwapAdapter._checkOrderCallback(address) (contracts/v2/router/swapAdapters/TermMaxSwapAdapter.sol#109-123) has external calls inside a loop: pool != address(0) && ! whitelistManager.isWhitelisted(pool,IWhitelistManager.ContractModule.POOL) (contracts/v2/router/swapAdapters/TermMaxSwapAdapter.sol#119)
	Calls stack containing the loop:
		ERC20SwapAdapterV2.swap(address,address,address,uint256,bytes)
		TermMaxSwapAdapter._swap(address,IERC20,IERC20,uint256,bytes)
TermMaxSwapAdapter._swap(address,IERC20,IERC20,uint256,bytes) (contracts/v2/router/swapAdapters/TermMaxSwapAdapter.sol#54-107) has external calls inside a loop: netTokenOutOrIn += ITermMaxOrder(order).swapExactTokenToToken(tokenIn,tokenOut,recipient,data.tradingAmts[i],0,data.deadline) (contracts/v2/router/swapAdapters/TermMaxSwapAdapter.sol#73-75)
	Calls stack containing the loop:
		ERC20SwapAdapterV2.swap(address,address,address,uint256,bytes)
TermMaxSwapAdapter._swap(address,IERC20,IERC20,uint256,bytes) (contracts/v2/router/swapAdapters/TermMaxSwapAdapter.sol#54-107) has external calls inside a loop: netTokenOutOrIn += ITermMaxOrder(order_scope_1).swapTokenToExactToken(tokenIn,tokenOut,recipient,data.tradingAmts[i_scope_0],data.netTokenAmt,data.deadline) (contracts/v2/router/swapAdapters/TermMaxSwapAdapter.sol#88-90)
	Calls stack containing the loop:
		ERC20SwapAdapterV2.swap(address,address,address,uint256,bytes)
TermMaxSwapAdapter._checkOrderCallback(address) (contracts/v2/router/swapAdapters/TermMaxSwapAdapter.sol#109-123) has external calls inside a loop: callbackAddr = address(ITermMaxOrder(order).orderConfig().swapTrigger) (contracts/v2/router/swapAdapters/TermMaxSwapAdapter.sol#110)
	Calls stack containing the loop:
		ERC20SwapAdapter.swap(address,address,bytes,bytes)
		ERC20SwapAdapterV2._swap(IERC20,IERC20,uint256,bytes)
		TermMaxSwapAdapter._swap(address,IERC20,IERC20,uint256,bytes)
TermMaxSwapAdapter._checkOrderCallback(address) (contracts/v2/router/swapAdapters/TermMaxSwapAdapter.sol#109-123) has external calls inside a loop: callbackAddr != address(0) && ! whitelistManager.isWhitelisted(callbackAddr,IWhitelistManager.ContractModule.ORDER_CALLBACK) (contracts/v2/router/swapAdapters/TermMaxSwapAdapter.sol#112-113)
	Calls stack containing the loop:
		ERC20SwapAdapter.swap(address,address,bytes,bytes)
		ERC20SwapAdapterV2._swap(IERC20,IERC20,uint256,bytes)
		TermMaxSwapAdapter._swap(address,IERC20,IERC20,uint256,bytes)
TermMaxSwapAdapter._checkOrderCallback(address) (contracts/v2/router/swapAdapters/TermMaxSwapAdapter.sol#109-123) has external calls inside a loop: pool4626 = ITermMaxOrder(order).pool() (contracts/v2/router/swapAdapters/TermMaxSwapAdapter.sol#117-122)
	Calls stack containing the loop:
		ERC20SwapAdapter.swap(address,address,bytes,bytes)
		ERC20SwapAdapterV2._swap(IERC20,IERC20,uint256,bytes)
		TermMaxSwapAdapter._swap(address,IERC20,IERC20,uint256,bytes)
TermMaxSwapAdapter._checkOrderCallback(address) (contracts/v2/router/swapAdapters/TermMaxSwapAdapter.sol#109-123) has external calls inside a loop: pool != address(0) && ! whitelistManager.isWhitelisted(pool,IWhitelistManager.ContractModule.POOL) (contracts/v2/router/swapAdapters/TermMaxSwapAdapter.sol#119)
	Calls stack containing the loop:
		ERC20SwapAdapter.swap(address,address,bytes,bytes)
		ERC20SwapAdapterV2._swap(IERC20,IERC20,uint256,bytes)
		TermMaxSwapAdapter._swap(address,IERC20,IERC20,uint256,bytes)
TermMaxSwapAdapter._swap(address,IERC20,IERC20,uint256,bytes) (contracts/v2/router/swapAdapters/TermMaxSwapAdapter.sol#54-107) has external calls inside a loop: netTokenOutOrIn += ITermMaxOrder(order).swapExactTokenToToken(tokenIn,tokenOut,recipient,data.tradingAmts[i],0,data.deadline) (contracts/v2/router/swapAdapters/TermMaxSwapAdapter.sol#73-75)
	Calls stack containing the loop:
		ERC20SwapAdapter.swap(address,address,bytes,bytes)
		ERC20SwapAdapterV2._swap(IERC20,IERC20,uint256,bytes)
TermMaxSwapAdapter._swap(address,IERC20,IERC20,uint256,bytes) (contracts/v2/router/swapAdapters/TermMaxSwapAdapter.sol#54-107) has external calls inside a loop: netTokenOutOrIn += ITermMaxOrder(order_scope_1).swapTokenToExactToken(tokenIn,tokenOut,recipient,data.tradingAmts[i_scope_0],data.netTokenAmt,data.deadline) (contracts/v2/router/swapAdapters/TermMaxSwapAdapter.sol#88-90)
	Calls stack containing the loop:
		ERC20SwapAdapter.swap(address,address,bytes,bytes)
		ERC20SwapAdapterV2._swap(IERC20,IERC20,uint256,bytes)
OAppPreCrimeSimulator.lzReceiveAndRevert(InboundPacket[]) (contracts/v2/tokenomics/TMX.sol#1820-1841) has external calls inside a loop: this.lzReceiveSimulate{value: packet.value}(packet.origin,packet.guid,packet.message,packet.executor,packet.extraData) (contracts/v2/tokenomics/TMX.sol#1834-1836)
OrderManagerV2.updateOrdersConfiguration(address[],OrderV2ConfigurationParams[]) (contracts/v2/vault/OrderManagerV2.sol#45-60) has external calls inside a loop: ITermMaxOrderV2(order).setCurveAndPrice(config.originalVirtualXtReserve,config.virtualXtReserve,config.maxXtReserve,config.curveCuts) (contracts/v2/vault/OrderManagerV2.sol#55-57)
OrderManagerV2.removeLiquidityFromOrders(IERC20,address[],uint256[]) (contracts/v2/vault/OrderManagerV2.sol#62-82) has external calls inside a loop: ITermMaxOrderV2(order).removeLiquidity(asset,removingLiquidity,address(this)) (contracts/v2/vault/OrderManagerV2.sol#74)
Reference: https://github.com/crytic/slither/wiki/Detector-Documentation/#calls-inside-a-loop

Detector: reentrancy-benign
Reentrancy in OrderManager._redeemFromMarket(address,OrderInfo) (contracts/v1/vault/OrderManager.sol#280-297):
	External calls:
	- ITermMaxOrder(order).withdrawAssets(orderInfo.ft,address(this),ftReserve) (contracts/v1/vault/OrderManager.sol#283)
	- (totalRedeem,None) = orderInfo.market.redeem(ftReserve,address(this)) (contracts/v1/vault/OrderManager.sol#285)
	State variables written after the call(s):
	- _badDebtMapping[collateral] += ftReserve - totalRedeem (contracts/v1/vault/OrderManager.sol#289)
	- delete _orderMapping[order] (contracts/v1/vault/OrderManager.sol#294)
Reentrancy in TermMaxVault._setPerformanceFeeRate(uint64) (contracts/v1/vault/TermMaxVault.sol#108-111):
	External calls:
	- _delegateCall(abi.encodeCall(IOrderManager.accruedInterest,())) (contracts/v1/vault/TermMaxVault.sol#109)
		- (success,returnData) = ORDER_MANAGER_SINGLETON.delegatecall(data) (contracts/v1/vault/TermMaxVault.sol#382)
	State variables written after the call(s):
	- _performanceFeeRate = newPerformanceFeeRate (contracts/v1/vault/TermMaxVault.sol#110)
Reentrancy in TermMaxVaultV2._setPerformanceFeeRate(uint64) (contracts/v2/vault/TermMaxVaultV2.sol#117-121):
	External calls:
	- _delegateCall(abi.encodeCall(IOrderManager.accruedInterest,())) (contracts/v2/vault/TermMaxVaultV2.sol#118)
		- (success,returnData) = ORDER_MANAGER_SINGLETON.delegatecall(data) (contracts/v2/vault/TermMaxVaultV2.sol#398)
	State variables written after the call(s):
	- _performanceFeeRate = newPerformanceFeeRate (contracts/v2/vault/TermMaxVaultV2.sol#119)
Reentrancy in TermMaxVaultV2._setPool(address) (contracts/v2/vault/TermMaxVaultV2.sol#543-561):
	External calls:
	- oldPool.redeem(oldPool.balanceOf(address(this)),address(this),address(this)) (contracts/v2/vault/TermMaxVaultV2.sol#546)
	- IERC4626(pool_).deposit(balance,address(this)) (contracts/v2/vault/TermMaxVaultV2.sol#554)
	State variables written after the call(s):
	- delete _pendingPool (contracts/v2/vault/TermMaxVaultV2.sol#560)
Reentrancy in MockVToken.addReserves(uint256) (contracts/mocks/MockVToken.sol#229-233):
	External calls:
	- IERC20(_underlying).transferFrom(msg.sender,address(this),addAmount) (contracts/mocks/MockVToken.sol#230)
	State variables written after the call(s):
	- cashMock += addAmount (contracts/mocks/MockVToken.sol#232)
	- totalReservesMock += addAmount (contracts/mocks/MockVToken.sol#231)
Reentrancy in MockVToken.borrow(uint256) (contracts/mocks/MockVToken.sol#124-130):
	External calls:
	- IERC20(_underlying).transfer(msg.sender,borrowAmount) (contracts/mocks/MockVToken.sol#125)
	State variables written after the call(s):
	- borrowBalancesMock[msg.sender] += borrowAmount (contracts/mocks/MockVToken.sol#126)
	- cashMock -= borrowAmount (contracts/mocks/MockVToken.sol#128)
	- totalBorrowsMock += borrowAmount (contracts/mocks/MockVToken.sol#127)
Reentrancy in MockVToken.borrowBehalf(address,uint256) (contracts/mocks/MockVToken.sol#132-138):
	External calls:
	- IERC20(_underlying).transfer(borrower,borrowAmount) (contracts/mocks/MockVToken.sol#133)
	State variables written after the call(s):
	- borrowBalancesMock[borrower] += borrowAmount (contracts/mocks/MockVToken.sol#134)
	- cashMock -= borrowAmount (contracts/mocks/MockVToken.sol#136)
	- totalBorrowsMock += borrowAmount (contracts/mocks/MockVToken.sol#135)
Reentrancy in OrderManager.createOrder(IERC20,ITermMaxMarket,uint256,uint256,CurveCuts) (contracts/v1/vault/OrderManager.sol#84-112):
	External calls:
	- order = market.createOrder(address(this),maxSupply,ISwapCallback(address(this)),curveCuts) (contracts/v1/vault/OrderManager.sol#99)
	- market.mint(address(order),initialReserve) (contracts/v1/vault/OrderManager.sol#102)
	State variables written after the call(s):
	- _orderMapping[address(order)] = OrderInfo({market:market,ft:ft,xt:xt,maxSupply:maxSupply.toUint128(),maturity:orderMaturity}) (contracts/v1/vault/OrderManager.sol#108-109)
Reentrancy in OrderManagerV2.createOrder(ITermMaxMarketV2,OrderV2ConfigurationParams) (contracts/v2/vault/OrderManagerV2.sol#110-130):
	External calls:
	- order = ITermMaxOrderV2(address(market.createOrder(initialParams))) (contracts/v2/vault/OrderManagerV2.sol#125)
	State variables written after the call(s):
	- _orderMaturityMapping[address(order)] = orderMaturity (contracts/v2/vault/OrderManagerV2.sol#127)
Reentrancy in TermMaxVault.initialize(VaultInitialParams) (contracts/v1/vault/TermMaxVault.sol#94-106):
	External calls:
	- _setPerformanceFeeRate(params.performanceFeeRate) (contracts/v1/vault/TermMaxVault.sol#101)
		- (success,returnData) = ORDER_MANAGER_SINGLETON.delegatecall(data) (contracts/v1/vault/TermMaxVault.sol#382)
	State variables written after the call(s):
	- _curator = params.curator (contracts/v1/vault/TermMaxVault.sol#105)
	- _maxCapacity = params.maxCapacity (contracts/v1/vault/TermMaxVault.sol#104)
	- _timelock = params.timelock (contracts/v1/vault/TermMaxVault.sol#103)
Reentrancy in TermMaxMarketV2.initialize(MarketInitialParams) (contracts/v2/TermMaxMarketV2.sol#92-107):
	External calls:
	- (ft,xt,gt) = _deployTokens(params) (contracts/v2/TermMaxMarketV2.sol#104)
		- ft_.initialize(MarketConstantsV2.PREFIX_FT.contact(params.tokenName),MarketConstantsV2.PREFIX_FT.contact(params.tokenSymbol),decimals) (contracts/v2/TermMaxMarketV2.sol#117-121)
		- xt_.initialize(MarketConstantsV2.PREFIX_XT.contact(params.tokenName),MarketConstantsV2.PREFIX_XT.contact(params.tokenSymbol),decimals) (contracts/v2/TermMaxMarketV2.sol#122-126)
		- gt_.initialize(MarketConstantsV2.PREFIX_GT.contact(params.tokenName),MarketConstantsV2.PREFIX_GT.contact(params.tokenSymbol),GtConfig(params.collateral,params.debtToken,ft_,params.marketConfig.treasurer,params.marketConfig.maturity,params.loanConfig),params.gtInitalParams) (contracts/v2/TermMaxMarketV2.sol#127-139)
	State variables written after the call(s):
	- name = StringUtil.contact(MarketConstantsV2.PREFIX_MARKET,params.tokenName) (contracts/v2/TermMaxMarketV2.sol#105)
Reentrancy in TermMaxOrderV2.initialize(OrderInitialParams) (contracts/v2/TermMaxOrderV2.sol#142-157):
	External calls:
	- _setPool(params.pool) (contracts/v2/TermMaxOrderV2.sol#152)
		- debtTokenAmt = oldPool.redeem(shares,address(this),address(this)) (contracts/v2/TermMaxOrderV2.sol#425)
		- _market.burn(address(this),maxBurned) (contracts/v2/TermMaxOrderV2.sol#434)
		- newPool.deposit(debtTokenAmt,address(this)) (contracts/v2/TermMaxOrderV2.sol#440)
		- _market_scope_0.mint(address(this),debtTokenAmt) (contracts/v2/TermMaxOrderV2.sol#445)
	State variables written after the call(s):
	- _setCurveAndPrice(params.virtualXtReserve,params.orderConfig.maxXtReserve,params.orderConfig.curveCuts) (contracts/v2/TermMaxOrderV2.sol#153)
		- _orderConfig.curveCuts = newCurveCuts (contracts/v2/TermMaxOrderV2.sol#394)
		- _orderConfig.maxXtReserve = maxXtReserve_ (contracts/v2/TermMaxOrderV2.sol#395)
	- _updateGeneralConfig(params.orderConfig.gtId,params.orderConfig.swapTrigger) (contracts/v2/TermMaxOrderV2.sol#154)
		- _orderConfig.gtId = gtId (contracts/v2/TermMaxOrderV2.sol#466)
		- _orderConfig.swapTrigger = swapTrigger (contracts/v2/TermMaxOrderV2.sol#467)
	- _setExpiryTimestamp(params.maturity) (contracts/v2/TermMaxOrderV2.sol#155)
		- orderExpiryTimestamp = newExpiryTimestamp (contracts/v2/TermMaxOrderV2.sol#410)
	- _setCurveAndPrice(params.virtualXtReserve,params.orderConfig.maxXtReserve,params.orderConfig.curveCuts) (contracts/v2/TermMaxOrderV2.sol#153)
		- virtualXtReserve = virtualXtReserve_ (contracts/v2/TermMaxOrderV2.sol#396)
Reentrancy in TermMaxVaultV2.initialize(VaultInitialParamsV2) (contracts/v2/vault/TermMaxVaultV2.sol#95-111):
	External calls:
	- _setPerformanceFeeRate(params.performanceFeeRate) (contracts/v2/vault/TermMaxVaultV2.sol#103)
		- (success,returnData) = ORDER_MANAGER_SINGLETON.delegatecall(data) (contracts/v2/vault/TermMaxVaultV2.sol#398)
	State variables written after the call(s):
	- _setCurator(params.curator) (contracts/v2/vault/TermMaxVaultV2.sol#109)
		- _curator = newCurator (contracts/v2/vault/TermMaxVaultV2.sol#587)
	- _setGuardian(params.guardian) (contracts/v2/vault/TermMaxVaultV2.sol#107)
		- _guardian = newGuardian (contracts/v2/vault/TermMaxVaultV2.sol#508)
	- _setCapacity(params.maxCapacity) (contracts/v2/vault/TermMaxVaultV2.sol#108)
		- _maxCapacity = newCapacity (contracts/v2/vault/TermMaxVaultV2.sol#465)
	- _setMinApy(params.minApy) (contracts/v2/vault/TermMaxVaultV2.sol#106)
		- _minApy = newMinApy (contracts/v2/vault/TermMaxVaultV2.sol#251)
	- _setGuardian(params.guardian) (contracts/v2/vault/TermMaxVaultV2.sol#107)
		- delete _pendingGuardian (contracts/v2/vault/TermMaxVaultV2.sol#511)
	- _setTimelock(params.timelock) (contracts/v2/vault/TermMaxVaultV2.sol#105)
		- delete _pendingTimelock (contracts/v2/vault/TermMaxVaultV2.sol#441)
	- _setTimelock(params.timelock) (contracts/v2/vault/TermMaxVaultV2.sol#105)
		- _timelock = newTimelock (contracts/v2/vault/TermMaxVaultV2.sol#437)
Reentrancy in MockVToken.redeem(uint256) (contracts/mocks/MockVToken.sol#91-97):
	External calls:
	- IERC20(_underlying).transfer(msg.sender,redeemAmount) (contracts/mocks/MockVToken.sol#94)
	State variables written after the call(s):
	- cashMock -= redeemAmount (contracts/mocks/MockVToken.sol#95)
Reentrancy in TermMaxOrderV2.redeemAll(address) (contracts/v2/TermMaxOrderV2.sol#578-600):
	External calls:
	- (received,deliveryData) = market.redeem(ftBalance,recipient) (contracts/v2/TermMaxOrderV2.sol#589)
	- receivedFromPool = _pool.redeem(shares,recipient,address(this)) (contracts/v2/TermMaxOrderV2.sol#593)
	State variables written after the call(s):
	- delete _orderConfig (contracts/v2/TermMaxOrderV2.sol#598)
Reentrancy in MockVToken.redeemBehalf(address,uint256) (contracts/mocks/MockVToken.sol#99-106):
	External calls:
	- IERC20(_underlying).transfer(redeemer,redeemAmount) (contracts/mocks/MockVToken.sol#103)
	State variables written after the call(s):
	- cashMock -= redeemAmount (contracts/mocks/MockVToken.sol#104)
Reentrancy in OrderManagerV2.redeemOrder(IERC20,address) (contracts/v2/vault/OrderManagerV2.sol#89-108):
	External calls:
	- (badDebt,deliveryData) = ITermMaxOrderV2(order).redeemAll(address(this)) (contracts/v2/vault/OrderManagerV2.sol#96)
	State variables written after the call(s):
	- _badDebtMapping[collateral] += badDebt (contracts/v2/vault/OrderManagerV2.sol#102)
Reentrancy in MockVToken.redeemUnderlying(uint256) (contracts/mocks/MockVToken.sol#108-114):
	External calls:
	- IERC20(_underlying).transfer(msg.sender,redeemAmount) (contracts/mocks/MockVToken.sol#111)
	State variables written after the call(s):
	- cashMock -= redeemAmount (contracts/mocks/MockVToken.sol#112)
Reentrancy in MockVToken.redeemUnderlyingBehalf(address,uint256) (contracts/mocks/MockVToken.sol#116-122):
	External calls:
	- IERC20(_underlying).transfer(redeemer,redeemAmount) (contracts/mocks/MockVToken.sol#119)
	State variables written after the call(s):
	- cashMock -= redeemAmount (contracts/mocks/MockVToken.sol#120)
Reentrancy in MockVToken.repayBorrow(uint256) (contracts/mocks/MockVToken.sol#140-150):
	External calls:
	- IERC20(_underlying).transferFrom(msg.sender,address(this),repayAmount) (contracts/mocks/MockVToken.sol#141)
	State variables written after the call(s):
	- borrowBalancesMock[msg.sender] -= repayAmount (contracts/mocks/MockVToken.sol#142)
	- borrowBalancesMock[msg.sender] = 0 (contracts/mocks/MockVToken.sol#143)
	- cashMock += repayAmount (contracts/mocks/MockVToken.sol#148)
	- totalBorrowsMock -= repayAmount (contracts/mocks/MockVToken.sol#145)
	- totalBorrowsMock = 0 (contracts/mocks/MockVToken.sol#146)
Reentrancy in MockVToken.repayBorrowBehalf(address,uint256) (contracts/mocks/MockVToken.sol#152-162):
	External calls:
	- IERC20(_underlying).transferFrom(msg.sender,address(this),repayAmount) (contracts/mocks/MockVToken.sol#153)
	State variables written after the call(s):
	- borrowBalancesMock[borrower] -= repayAmount (contracts/mocks/MockVToken.sol#154)
	- borrowBalancesMock[borrower] = 0 (contracts/mocks/MockVToken.sol#155)
	- cashMock += repayAmount (contracts/mocks/MockVToken.sol#160)
	- totalBorrowsMock -= repayAmount (contracts/mocks/MockVToken.sol#157)
	- totalBorrowsMock = 0 (contracts/mocks/MockVToken.sol#158)
Reentrancy in OrderManager.withdrawAssets(IERC20,address,uint256) (contracts/v1/vault/OrderManager.sol#180-235):
	External calls:
	- totalRedeem = _redeemFromMarket(order,orderInfo) (contracts/v1/vault/OrderManager.sol#196)
		- ITermMaxOrder(order).withdrawAssets(orderInfo.ft,address(this),ftReserve) (contracts/v1/vault/OrderManager.sol#283)
		- (totalRedeem,None) = orderInfo.market.redeem(ftReserve,address(this)) (contracts/v1/vault/OrderManager.sol#285)
	- _burnFromOrder(ITermMaxOrder(order),orderInfo,maxWithdraw) (contracts/v1/vault/OrderManager.sol#213)
		- order.withdrawAssets(orderInfo.ft,address(this),amount) (contracts/v1/vault/OrderManager.sol#272)
		- order.withdrawAssets(orderInfo.xt,address(this),amount) (contracts/v1/vault/OrderManager.sol#273)
		- orderInfo.market.burn(address(this),amount) (contracts/v1/vault/OrderManager.sol#277)
	- _burnFromOrder(ITermMaxOrder(order),orderInfo,amountLeft) (contracts/v1/vault/OrderManager.sol#216)
		- order.withdrawAssets(orderInfo.ft,address(this),amount) (contracts/v1/vault/OrderManager.sol#272)
		- order.withdrawAssets(orderInfo.xt,address(this),amount) (contracts/v1/vault/OrderManager.sol#273)
		- orderInfo.market.burn(address(this),amount) (contracts/v1/vault/OrderManager.sol#277)
	State variables written after the call(s):
	- _totalFt -= amplifiedAmt (contracts/v1/vault/OrderManager.sol#233)
Reference: https://github.com/crytic/slither/wiki/Detector-Documentation#reentrancy-vulnerabilities-3

Detector: reentrancy-events
Reentrancy in TermMaxMarket._burn(address,address,uint256) (contracts/v1/TermMaxMarket.sol#188-198):
	External calls:
	- ft.burn(debtTokenAmt) (contracts/v1/TermMaxMarket.sol#192)
	- xt.burn(debtTokenAmt) (contracts/v1/TermMaxMarket.sol#193)
	Event emitted after the call(s):
	- Burn(caller,recipient,debtTokenAmt) (contracts/v1/TermMaxMarket.sol#197)
Reentrancy in TermMaxMarketV2._initalizeOrder(OrderInitialParams,address) (contracts/v2/TermMaxMarketV2.sol#488-499):
	External calls:
	- ITermMaxOrderV2(order).initialize(params) (contracts/v2/TermMaxMarketV2.sol#497)
	Event emitted after the call(s):
	- CreateOrder(params.maker,ITermMaxOrder(order)) (contracts/v2/TermMaxMarketV2.sol#498)
Reentrancy in OFTCore._lzReceive(Origin,bytes32,bytes,address,bytes) (contracts/v2/tokenomics/TMX.sol#2504-2531):
	External calls:
	- endpoint.sendCompose(toAddress,_guid,0,composeMsg) (contracts/v2/tokenomics/TMX.sol#2527)
	Event emitted after the call(s):
	- OFTReceived(_guid,_origin.srcEid,toAddress,amountReceivedLD) (contracts/v2/tokenomics/TMX.sol#2530)
Reentrancy in TermMaxMarket._mint(address,address,uint256) (contracts/v1/TermMaxMarket.sol#175-182):
	External calls:
	- ft.mint(recipient,debtTokenAmt) (contracts/v1/TermMaxMarket.sol#178)
	- xt.mint(recipient,debtTokenAmt) (contracts/v1/TermMaxMarket.sol#179)
	Event emitted after the call(s):
	- Mint(caller,recipient,debtTokenAmt) (contracts/v1/TermMaxMarket.sol#181)
Reentrancy in TermMaxMarket._redeem(address,address,uint256) (contracts/v1/TermMaxMarket.sol#336-362):
	External calls:
	- ft.burn(ft.balanceOf(address(this))) (contracts/v1/TermMaxMarket.sol#350)
	- deliveryData = gt.delivery(proportion,recipient) (contracts/v1/TermMaxMarket.sol#357)
	Event emitted after the call(s):
	- Redeem(caller,recipient,proportion.toUint128(),debtTokenAmt.toUint128(),deliveryData) (contracts/v1/TermMaxMarket.sol#361)
Reentrancy in OrderManager._redeemFromMarket(address,OrderInfo) (contracts/v1/vault/OrderManager.sol#280-297):
	External calls:
	- ITermMaxOrder(order).withdrawAssets(orderInfo.ft,address(this),ftReserve) (contracts/v1/vault/OrderManager.sol#283)
	- (totalRedeem,None) = orderInfo.market.redeem(ftReserve,address(this)) (contracts/v1/vault/OrderManager.sol#285)
	Event emitted after the call(s):
	- RedeemOrder(msg.sender,order,ftReserve.toUint128(),totalRedeem.toUint128()) (contracts/v1/vault/OrderManager.sol#292)
Reentrancy in OFTCore._send(SendParam,MessagingFee,address) (contracts/v2/tokenomics/TMX.sol#2438-2458):
	External calls:
	- msgReceipt = _lzSend(_sendParam.dstEid,message,options,_fee,_refundAddress) (contracts/v2/tokenomics/TMX.sol#2453)
		- endpoint.send{value: messageValue}(MessagingParams(_dstEid,_getPeerOrRevert(_dstEid),_message,_options,_fee.lzTokenFee > 0),_refundAddress) (contracts/v2/tokenomics/TMX.sol#1536-1540)
	Event emitted after the call(s):
	- OFTSent(msgReceipt.guid,_sendParam.dstEid,msg.sender,amountSentLD,amountReceivedLD) (contracts/v2/tokenomics/TMX.sol#2457)
Reentrancy in TermMaxVaultV2._setPerformanceFeeRate(uint64) (contracts/v2/vault/TermMaxVaultV2.sol#117-121):
	External calls:
	- _delegateCall(abi.encodeCall(IOrderManager.accruedInterest,())) (contracts/v2/vault/TermMaxVaultV2.sol#118)
		- (success,returnData) = ORDER_MANAGER_SINGLETON.delegatecall(data) (contracts/v2/vault/TermMaxVaultV2.sol#398)
	Event emitted after the call(s):
	- VaultEvents.SetPerformanceFeeRate(_msgSender(),newPerformanceFeeRate) (contracts/v2/vault/TermMaxVaultV2.sol#120)
Reentrancy in TermMaxOrderV2._setPool(IERC4626) (contracts/v2/TermMaxOrderV2.sol#418-449):
	External calls:
	- debtTokenAmt = oldPool.redeem(shares,address(this),address(this)) (contracts/v2/TermMaxOrderV2.sol#425)
	- _market.burn(address(this),maxBurned) (contracts/v2/TermMaxOrderV2.sol#434)
	- newPool.deposit(debtTokenAmt,address(this)) (contracts/v2/TermMaxOrderV2.sol#440)
	- _market_scope_0.mint(address(this),debtTokenAmt) (contracts/v2/TermMaxOrderV2.sol#445)
	Event emitted after the call(s):
	- OrderEventsV2.PoolUpdated(address(newPool)) (contracts/v2/TermMaxOrderV2.sol#448)
Reentrancy in TermMaxVaultV2._setPool(address) (contracts/v2/vault/TermMaxVaultV2.sol#543-561):
	External calls:
	- oldPool.redeem(oldPool.balanceOf(address(this)),address(this),address(this)) (contracts/v2/vault/TermMaxVaultV2.sol#546)
	- IERC4626(pool_).deposit(balance,address(this)) (contracts/v2/vault/TermMaxVaultV2.sol#554)
	Event emitted after the call(s):
	- VaultEventsV2.SetPool(_msgSender(),pool_) (contracts/v2/vault/TermMaxVaultV2.sol#559)
Reentrancy in OrderManager._updateOrder(IERC20,ITermMaxOrder,int256,uint256,CurveCuts) (contracts/v1/vault/OrderManager.sol#114-145):
	External calls:
	- order.updateOrder(newOrderConfig,changes,changes) (contracts/v1/vault/OrderManager.sol#130)
	- orderInfo.market.burn(address(this),withdrawChanges) (contracts/v1/vault/OrderManager.sol#134)
	- orderInfo.market.mint(address(order),depositChanges) (contracts/v1/vault/OrderManager.sol#139)
	- order.updateOrder(newOrderConfig,0,0) (contracts/v1/vault/OrderManager.sol#141)
	Event emitted after the call(s):
	- UpdateOrder(msg.sender,address(order),changes,maxSupply,curveCuts) (contracts/v1/vault/OrderManager.sol#144)
Reentrancy in OrderManagerV2._withdrawPerformanceFee(IERC20,address,uint256) (contracts/v2/vault/OrderManagerV2.sol#184-190):
	External calls:
	- _withdrawFromPoolOrNot(asset,recipient,amount) (contracts/v2/vault/OrderManagerV2.sol#188)
		- pool.withdraw(amount,recipient,address(this)) (contracts/v2/vault/OrderManagerV2.sol#177)
	Event emitted after the call(s):
	- VaultEvents.WithdrawPerformanceFee(msg.sender,recipient,amount) (contracts/v2/vault/OrderManagerV2.sol#189)
Reentrancy in TermMaxVault.acceptPerformanceFeeRate() (contracts/v1/vault/TermMaxVault.sol#668-672):
	External calls:
	- _setPerformanceFeeRate(uint256(_pendingPerformanceFeeRate.value).toUint64()) (contracts/v1/vault/TermMaxVault.sol#669)
		- (success,returnData) = ORDER_MANAGER_SINGLETON.delegatecall(data) (contracts/v1/vault/TermMaxVault.sol#382)
	Event emitted after the call(s):
	- SetPerformanceFeeRate(_msgSender(),_performanceFeeRate) (contracts/v1/vault/TermMaxVault.sol#671)
Reentrancy in TermMaxVaultV2.acceptPerformanceFeeRate() (contracts/v2/vault/TermMaxVaultV2.sol#650-654):
	External calls:
	- _setPerformanceFeeRate(uint256(_pendingPerformanceFeeRate.value).toUint64()) (contracts/v2/vault/TermMaxVaultV2.sol#651)
		- (success,returnData) = ORDER_MANAGER_SINGLETON.delegatecall(data) (contracts/v2/vault/TermMaxVaultV2.sol#398)
	Event emitted after the call(s):
	- VaultEvents.SetPerformanceFeeRate(_msgSender(),_performanceFeeRate) (contracts/v2/vault/TermMaxVaultV2.sol#653)
Reentrancy in TermMaxRouter.borrowTokenFromCollateral(address,ITermMaxMarket,uint256,ITermMaxOrder[],uint128[],uint128,uint256) (contracts/v1/router/TermMaxRouter.sol#284-309):
	External calls:
	- (gtId,ftOutAmt) = market.issueFt(address(this),maxDebtAmt,_encodeAmount(collInAmt)) (contracts/v1/router/TermMaxRouter.sol#297)
	- netTokenIn = _swapTokenToExactToken(ft,debtToken,recipient,orders,tokenAmtsWantBuy,ftOutAmt,deadline) (contracts/v1/router/TermMaxRouter.sol#298-299)
		- netTokenIn += order.swapTokenToExactToken(tokenIn,tokenOut,recipient,tradingAmts[i],maxTokenIn,deadline) (contracts/v1/router/TermMaxRouter.sol#160-161)
	- gt.repay(gtId,repayAmt.toUint128(),false) (contracts/v1/router/TermMaxRouter.sol#303)
	- gt.safeTransferFrom(address(this),recipient,gtId) (contracts/v1/router/TermMaxRouter.sol#306)
	Event emitted after the call(s):
	- Borrow(market,gtId,msg.sender,recipient,collInAmt,ftOutAmt,netTokenIn.toUint128()) (contracts/v1/router/TermMaxRouter.sol#307)
Reentrancy in TermMaxRouter.borrowTokenFromCollateral(address,ITermMaxMarket,uint256,uint256) (contracts/v1/router/TermMaxRouter.sol#311-336):
	External calls:
	- (gtId,ftOutAmt) = market.issueFt(address(this),debtAmt,_encodeAmount(collInAmt)) (contracts/v1/router/TermMaxRouter.sol#324)
	- market.burn(recipient,borrowAmt) (contracts/v1/router/TermMaxRouter.sol#331)
	- gt.safeTransferFrom(address(this),recipient,gtId) (contracts/v1/router/TermMaxRouter.sol#333)
	Event emitted after the call(s):
	- Borrow(market,gtId,msg.sender,recipient,collInAmt,debtAmt,borrowAmt.toUint128()) (contracts/v1/router/TermMaxRouter.sol#334)
Reentrancy in TermMaxRouter.borrowTokenFromGt(address,ITermMaxMarket,uint256,uint256) (contracts/v1/router/TermMaxRouter.sol#338-360):
	External calls:
	- ftOutAmt = market.issueFtByExistedGt(address(this),debtAmt,gtId) (contracts/v1/router/TermMaxRouter.sol#351)
	- market.burn(recipient,borrowAmt) (contracts/v1/router/TermMaxRouter.sol#357)
	Event emitted after the call(s):
	- Borrow(market,gtId,msg.sender,recipient,0,debtAmt,borrowAmt.toUint128()) (contracts/v1/router/TermMaxRouter.sol#359)
Reentrancy in MakerHelper.burn(ITermMaxMarket,address,uint256) (contracts/v2/router/MakerHelper.sol#168-176):
	External calls:
	- market.burn(recipient,amount) (contracts/v2/router/MakerHelper.sol#174)
	Event emitted after the call(s):
	- MakerHelperEvents.BurnTokens(address(market),recipient,amount) (contracts/v2/router/MakerHelper.sol#175)
Reentrancy in TermMax4626Factory.create(string,bytes) (contracts/v2/factory/TermMax4626Factory.sol#146-159):
	External calls:
	- (success,None) = instance.call(initialData) (contracts/v2/factory/TermMax4626Factory.sol#154)
	- _registerAddress(instance) (contracts/v2/factory/TermMax4626Factory.sol#156)
		- whitelistManager.batchSetWhitelist(targets,module,true) (contracts/v2/access/WithWhitelistCheck.sol#27)
	Event emitted after the call(s):
	- FactoryEventsV2.TermMax4626Created(msg.sender,key,instance) (contracts/v2/factory/TermMax4626Factory.sol#157)
Reentrancy in TermMaxFactory.createMarket(bytes32,MarketInitialParams,uint256) (contracts/v1/factory/TermMaxFactory.sol#57-73):
	External calls:
	- ITermMaxMarket(market).initialize(params) (contracts/v1/factory/TermMaxFactory.sol#70)
	Event emitted after the call(s):
	- CreateMarket(market,params.collateral,params.debtToken) (contracts/v1/factory/TermMaxFactory.sol#72)
Reentrancy in TermMaxFactoryV2.createMarket(bytes32,MarketInitialParams,uint256) (contracts/v2/factory/TermMaxFactoryV2.sol#114-137):
	External calls:
	- ITermMaxMarket(market).initialize(params) (contracts/v2/factory/TermMaxFactoryV2.sol#132)
	- _registerAddress(market) (contracts/v2/factory/TermMaxFactoryV2.sol#133)
		- whitelistManager.batchSetWhitelist(targets,module,true) (contracts/v2/access/WithWhitelistCheck.sol#27)
	Event emitted after the call(s):
	- FactoryEventsV2.MarketCreated(market,params.collateral,params.debtToken,params) (contracts/v2/factory/TermMaxFactoryV2.sol#136)
Reentrancy in OrderManager.createOrder(IERC20,ITermMaxMarket,uint256,uint256,CurveCuts) (contracts/v1/vault/OrderManager.sol#84-112):
	External calls:
	- order = market.createOrder(address(this),maxSupply,ISwapCallback(address(this)),curveCuts) (contracts/v1/vault/OrderManager.sol#99)
	- market.mint(address(order),initialReserve) (contracts/v1/vault/OrderManager.sol#102)
	Event emitted after the call(s):
	- CreateOrder(msg.sender,address(market),address(order),maxSupply,initialReserve,curveCuts) (contracts/v1/vault/OrderManager.sol#111)
Reentrancy in OrderManagerV2.createOrder(ITermMaxMarketV2,OrderV2ConfigurationParams) (contracts/v2/vault/OrderManagerV2.sol#110-130):
	External calls:
	- order = ITermMaxOrderV2(address(market.createOrder(initialParams))) (contracts/v2/vault/OrderManagerV2.sol#125)
	Event emitted after the call(s):
	- VaultEventsV2.NewOrderCreated(msg.sender,address(market),address(order)) (contracts/v2/vault/OrderManagerV2.sol#129)
Reentrancy in TermMaxRouter.createOrderAndDeposit(ITermMaxMarket,address,uint256,ISwapCallback,uint256,uint128,uint128,CurveCuts) (contracts/v1/router/TermMaxRouter.sol#437-462):
	External calls:
	- order = market.createOrder(maker,maxXtReserve,swapTrigger,curveCuts) (contracts/v1/router/TermMaxRouter.sol#448)
	- market.mint(address(order),debtTokenToDeposit) (contracts/v1/router/TermMaxRouter.sol#452)
	Event emitted after the call(s):
	- CreateOrderAndDeposit(market,order,maker,debtTokenToDeposit,ftToDeposit,xtToDeposit,curveCuts) (contracts/v1/router/TermMaxRouter.sol#461)
Reentrancy in TermMax4626Factory.createStableERC4626For4626(address,address,StakingBuffer.BufferConfig) (contracts/v2/factory/TermMax4626Factory.sol#84-94):
	External calls:
	- instance.initialize(admin,thirdPool,bufferConfig) (contracts/v2/factory/TermMax4626Factory.sol#90)
	- _registerAddress(address(instance)) (contracts/v2/factory/TermMax4626Factory.sol#91)
		- whitelistManager.batchSetWhitelist(targets,module,true) (contracts/v2/access/WithWhitelistCheck.sol#27)
	Event emitted after the call(s):
	- FactoryEventsV2.StableERC4626For4626Created(msg.sender,address(instance)) (contracts/v2/factory/TermMax4626Factory.sol#92)
Reentrancy in TermMax4626Factory.createStableERC4626ForAave(address,address,StakingBuffer.BufferConfig) (contracts/v2/factory/TermMax4626Factory.sol#122-132):
	External calls:
	- instance.initialize(admin,underlying,bufferConfig) (contracts/v2/factory/TermMax4626Factory.sol#128)
	- _registerAddress(address(instance)) (contracts/v2/factory/TermMax4626Factory.sol#129)
		- whitelistManager.batchSetWhitelist(targets,module,true) (contracts/v2/access/WithWhitelistCheck.sol#27)
	Event emitted after the call(s):
	- FactoryEventsV2.StableERC4626ForAaveCreated(msg.sender,address(instance)) (contracts/v2/factory/TermMax4626Factory.sol#130)
Reentrancy in TermMax4626Factory.createStableERC4626ForCustomize(address,address,address,StakingBuffer.BufferConfig) (contracts/v2/factory/TermMax4626Factory.sol#108-120):
	External calls:
	- instance.initialize(admin,thirdPool,underlying,bufferConfig) (contracts/v2/factory/TermMax4626Factory.sol#116)
	- _registerAddress(address(instance)) (contracts/v2/factory/TermMax4626Factory.sol#117)
		- whitelistManager.batchSetWhitelist(targets,module,true) (contracts/v2/access/WithWhitelistCheck.sol#27)
	Event emitted after the call(s):
	- FactoryEventsV2.StableERC4626ForCustomizeCreated(msg.sender,address(instance)) (contracts/v2/factory/TermMax4626Factory.sol#118)
Reentrancy in TermMax4626Factory.createStableERC4626ForVenus(address,address,StakingBuffer.BufferConfig) (contracts/v2/factory/TermMax4626Factory.sol#96-106):
	External calls:
	- instance.initialize(admin,thirdPool,bufferConfig) (contracts/v2/factory/TermMax4626Factory.sol#102)
	- _registerAddress(address(instance)) (contracts/v2/factory/TermMax4626Factory.sol#103)
		- whitelistManager.batchSetWhitelist(targets,module,true) (contracts/v2/access/WithWhitelistCheck.sol#27)
	Event emitted after the call(s):
	- FactoryEventsV2.StableERC4626ForVenusCreated(msg.sender,address(instance)) (contracts/v2/factory/TermMax4626Factory.sol#104)
Reentrancy in TermMax4626Factory.createVariableAndStableERC4626ForAave(address,address,StakingBuffer.BufferConfig) (contracts/v2/factory/TermMax4626Factory.sol#161-169):
	External calls:
	- variableInstance = createVariableERC4626ForAave(admin,underlying,bufferConfig) (contracts/v2/factory/TermMax4626Factory.sol#166)
		- instance.initialize(admin,underlying,bufferConfig) (contracts/v2/factory/TermMax4626Factory.sol#140)
		- whitelistManager.batchSetWhitelist(targets,module,true) (contracts/v2/access/WithWhitelistCheck.sol#27)
	- stableInstance = createStableERC4626ForAave(admin,underlying,bufferConfig) (contracts/v2/factory/TermMax4626Factory.sol#167)
		- instance.initialize(admin,underlying,bufferConfig) (contracts/v2/factory/TermMax4626Factory.sol#128)
		- whitelistManager.batchSetWhitelist(targets,module,true) (contracts/v2/access/WithWhitelistCheck.sol#27)
	Event emitted after the call(s):
	- FactoryEventsV2.StableERC4626ForAaveCreated(msg.sender,address(instance)) (contracts/v2/factory/TermMax4626Factory.sol#130)
		- stableInstance = createStableERC4626ForAave(admin,underlying,bufferConfig) (contracts/v2/factory/TermMax4626Factory.sol#167)
Reentrancy in TermMax4626Factory.createVariableERC4626ForAave(address,address,StakingBuffer.BufferConfig) (contracts/v2/factory/TermMax4626Factory.sol#134-144):
	External calls:
	- instance.initialize(admin,underlying,bufferConfig) (contracts/v2/factory/TermMax4626Factory.sol#140)
	- _registerAddress(address(instance)) (contracts/v2/factory/TermMax4626Factory.sol#141)
		- whitelistManager.batchSetWhitelist(targets,module,true) (contracts/v2/access/WithWhitelistCheck.sol#27)
	Event emitted after the call(s):
	- FactoryEventsV2.VariableERC4626ForAaveCreated(msg.sender,address(instance)) (contracts/v2/factory/TermMax4626Factory.sol#142)
Reentrancy in VaultFactory.createVault(VaultInitialParams,uint256) (contracts/v1/factory/VaultFactory.sol#46-53):
	External calls:
	- ITermMaxVault(vault).initialize(initialParams) (contracts/v1/factory/VaultFactory.sol#51)
	Event emitted after the call(s):
	- CreateVault(vault,msg.sender,initialParams) (contracts/v1/factory/VaultFactory.sol#52)
Reentrancy in TermMaxVaultFactoryV2.createVault(VaultInitialParamsV2,uint256) (contracts/v2/factory/TermMaxVaultFactoryV2.sol#48-60):
	External calls:
	- ITermMaxVaultV2(vault).initialize(initialParams) (contracts/v2/factory/TermMaxVaultFactoryV2.sol#57)
	- _registerAddress(vault) (contracts/v2/factory/TermMaxVaultFactoryV2.sol#58)
		- whitelistManager.batchSetWhitelist(targets,module,true) (contracts/v2/access/WithWhitelistCheck.sol#27)
	Event emitted after the call(s):
	- FactoryEventsV2.VaultCreated(vault,msg.sender,initialParams) (contracts/v2/factory/TermMaxVaultFactoryV2.sol#59)
Reentrancy in TermMaxOndoPriceFeedAdapterFactory.deployConverter(address,address,uint256) (contracts/v2/oracle/adapters/ondo/TermMaxOndoPriceFeedAdapterFactory.sol#76-92):
	External calls:
	- converter = priceFeedFactory.createPriceFeedConverter(adapter,assetUSDPriceFeed,asset) (contracts/v2/oracle/adapters/ondo/TermMaxOndoPriceFeedAdapterFactory.sol#89)
	Event emitted after the call(s):
	- ConverterDeployed(asset,converter) (contracts/v2/oracle/adapters/ondo/TermMaxOndoPriceFeedAdapterFactory.sol#91)
Reentrancy in TermMaxMarket.initialize(MarketInitialParams) (contracts/v1/TermMaxMarket.sol#74-89):
	External calls:
	- (ft,xt,gt) = _deployTokens(params) (contracts/v1/TermMaxMarket.sol#86)
		- ft_.initialize(MarketConstants.PREFIX_FT.contact(params.tokenName),MarketConstants.PREFIX_FT.contact(params.tokenSymbol),decimals) (contracts/v1/TermMaxMarket.sol#99-103)
		- xt_.initialize(MarketConstants.PREFIX_XT.contact(params.tokenName),MarketConstants.PREFIX_XT.contact(params.tokenSymbol),decimals) (contracts/v1/TermMaxMarket.sol#104-108)
		- gt_.initialize(MarketConstants.PREFIX_GT.contact(params.tokenName),MarketConstants.PREFIX_GT.contact(params.tokenSymbol),GtConfig(params.collateral,params.debtToken,ft_,params.marketConfig.treasurer,params.marketConfig.maturity,params.loanConfig),params.gtInitalParams) (contracts/v1/TermMaxMarket.sol#109-121)
	Event emitted after the call(s):
	- MarketInitialized(params.collateral,params.debtToken,_config.maturity,ft,xt,gt) (contracts/v1/TermMaxMarket.sol#88)
Reentrancy in TermMaxMarketV2.initialize(MarketInitialParams) (contracts/v2/TermMaxMarketV2.sol#92-107):
	External calls:
	- (ft,xt,gt) = _deployTokens(params) (contracts/v2/TermMaxMarketV2.sol#104)
		- ft_.initialize(MarketConstantsV2.PREFIX_FT.contact(params.tokenName),MarketConstantsV2.PREFIX_FT.contact(params.tokenSymbol),decimals) (contracts/v2/TermMaxMarketV2.sol#117-121)
		- xt_.initialize(MarketConstantsV2.PREFIX_XT.contact(params.tokenName),MarketConstantsV2.PREFIX_XT.contact(params.tokenSymbol),decimals) (contracts/v2/TermMaxMarketV2.sol#122-126)
		- gt_.initialize(MarketConstantsV2.PREFIX_GT.contact(params.tokenName),MarketConstantsV2.PREFIX_GT.contact(params.tokenSymbol),GtConfig(params.collateral,params.debtToken,ft_,params.marketConfig.treasurer,params.marketConfig.maturity,params.loanConfig),params.gtInitalParams) (contracts/v2/TermMaxMarketV2.sol#127-139)
	Event emitted after the call(s):
	- MarketInitialized(params.collateral,params.debtToken,_config.maturity,ft,xt,gt) (contracts/v2/TermMaxMarketV2.sol#106)
Reentrancy in TermMaxOrderV2.initialize(OrderInitialParams) (contracts/v2/TermMaxOrderV2.sol#142-157):
	External calls:
	- _setPool(params.pool) (contracts/v2/TermMaxOrderV2.sol#152)
		- debtTokenAmt = oldPool.redeem(shares,address(this),address(this)) (contracts/v2/TermMaxOrderV2.sol#425)
		- _market.burn(address(this),maxBurned) (contracts/v2/TermMaxOrderV2.sol#434)
		- newPool.deposit(debtTokenAmt,address(this)) (contracts/v2/TermMaxOrderV2.sol#440)
		- _market_scope_0.mint(address(this),debtTokenAmt) (contracts/v2/TermMaxOrderV2.sol#445)
	Event emitted after the call(s):
	- OrderEventsV2.CurveAndPriceUpdated(virtualXtReserve_,maxXtReserve_,newCurveCuts) (contracts/v2/TermMaxOrderV2.sol#397)
		- _setCurveAndPrice(params.virtualXtReserve,params.orderConfig.maxXtReserve,params.orderConfig.curveCuts) (contracts/v2/TermMaxOrderV2.sol#153)
	- OrderEventsV2.ExpiryTimestampUpdated(newExpiryTimestamp) (contracts/v2/TermMaxOrderV2.sol#411)
		- _setExpiryTimestamp(params.maturity) (contracts/v2/TermMaxOrderV2.sol#155)
	- OrderEventsV2.GeneralConfigUpdated(gtId,swapTrigger) (contracts/v2/TermMaxOrderV2.sol#468)
		- _updateGeneralConfig(params.orderConfig.gtId,params.orderConfig.swapTrigger) (contracts/v2/TermMaxOrderV2.sol#154)
	- OrderEventsV2.OrderInitialized(params.maker,_market) (contracts/v2/TermMaxOrderV2.sol#156)
Reentrancy in TermMaxVaultV2.initialize(VaultInitialParamsV2) (contracts/v2/vault/TermMaxVaultV2.sol#95-111):
	External calls:
	- _setPerformanceFeeRate(params.performanceFeeRate) (contracts/v2/vault/TermMaxVaultV2.sol#103)
		- (success,returnData) = ORDER_MANAGER_SINGLETON.delegatecall(data) (contracts/v2/vault/TermMaxVaultV2.sol#398)
	Event emitted after the call(s):
	- VaultEvents.SetCapacity(_msgSender(),newCapacity) (contracts/v2/vault/TermMaxVaultV2.sol#466)
		- _setCapacity(params.maxCapacity) (contracts/v2/vault/TermMaxVaultV2.sol#108)
	- VaultEvents.SetCurator(newCurator) (contracts/v2/vault/TermMaxVaultV2.sol#588)
		- _setCurator(params.curator) (contracts/v2/vault/TermMaxVaultV2.sol#109)
	- VaultEvents.SetGuardian(_msgSender(),newGuardian) (contracts/v2/vault/TermMaxVaultV2.sol#509)
		- _setGuardian(params.guardian) (contracts/v2/vault/TermMaxVaultV2.sol#107)
	- VaultEventsV2.SetMinApy(_msgSender(),newMinApy) (contracts/v2/vault/TermMaxVaultV2.sol#252)
		- _setMinApy(params.minApy) (contracts/v2/vault/TermMaxVaultV2.sol#106)
	- VaultEvents.SetTimelock(msg.sender,newTimelock) (contracts/v2/vault/TermMaxVaultV2.sol#439)
		- _setTimelock(params.timelock) (contracts/v2/vault/TermMaxVaultV2.sol#105)
Reentrancy in TermMaxVaultV2.initialize(VaultInitialParamsV2) (contracts/v2/vault/TermMaxVaultV2.sol#95-111):
	External calls:
	- _setPerformanceFeeRate(params.performanceFeeRate) (contracts/v2/vault/TermMaxVaultV2.sol#103)
		- (success,returnData) = ORDER_MANAGER_SINGLETON.delegatecall(data) (contracts/v2/vault/TermMaxVaultV2.sol#398)
	- _setPool(address(params.pool)) (contracts/v2/vault/TermMaxVaultV2.sol#110)
		- oldPool.redeem(oldPool.balanceOf(address(this)),address(this),address(this)) (contracts/v2/vault/TermMaxVaultV2.sol#546)
		- IERC4626(pool_).deposit(balance,address(this)) (contracts/v2/vault/TermMaxVaultV2.sol#554)
	Event emitted after the call(s):
	- VaultEventsV2.SetPool(_msgSender(),pool_) (contracts/v2/vault/TermMaxVaultV2.sol#559)
		- _setPool(address(params.pool)) (contracts/v2/vault/TermMaxVaultV2.sol#110)
Reentrancy in TermMaxRouter.leverageFromToken(address,ITermMaxMarket,ITermMaxOrder[],uint128[],uint128,uint128,uint128,SwapUnit[],uint256) (contracts/v1/router/TermMaxRouter.sol#196-222):
	External calls:
	- netXtOut = _swapExactTokenToToken(debtToken,xt,address(this),orders,amtsToBuyXt,minXtOut,deadline) (contracts/v1/router/TermMaxRouter.sol#210)
		- netTokenOut += order.swapExactTokenToToken(tokenIn,tokenOut,recipient,tradingAmts[i],0,deadline) (contracts/v1/router/TermMaxRouter.sol#127)
	- gtId = market.leverageByXt(recipient,netXtOut.toUint128(),callbackData) (contracts/v1/router/TermMaxRouter.sol#215)
	Event emitted after the call(s):
	- IssueGt(market,gtId,msg.sender,recipient,tokenToSwap,netXtOut.toUint128(),ltv,collateralData) (contracts/v1/router/TermMaxRouter.sol#221)
Reentrancy in TermMaxRouter.leverageFromXt(address,ITermMaxMarket,uint128,uint128,uint128,SwapUnit[]) (contracts/v1/router/TermMaxRouter.sol#227-250):
	External calls:
	- gtId = market.leverageByXt(recipient,xtInAmt.toUint128(),callbackData) (contracts/v1/router/TermMaxRouter.sol#242)
	Event emitted after the call(s):
	- IssueGt(market,gtId,msg.sender,recipient,tokenInAmt,xtInAmt,ltv,collateralData) (contracts/v1/router/TermMaxRouter.sol#249)
Reentrancy in TermMaxRouter.leverageFromXtAndCollateral(address,ITermMaxMarket,uint128,uint128,uint128,SwapUnit[]) (contracts/v1/router/TermMaxRouter.sol#255-279):
	External calls:
	- gtId = market.leverageByXt(recipient,xtInAmt.toUint128(),callbackData) (contracts/v1/router/TermMaxRouter.sol#271)
	Event emitted after the call(s):
	- IssueGt(market,gtId,msg.sender,recipient,0,xtInAmt,ltv,collateralData) (contracts/v1/router/TermMaxRouter.sol#278)
Reentrancy in MakerHelper.mint(ITermMaxMarket,address,uint256) (contracts/v2/router/MakerHelper.sol#160-166):
	External calls:
	- market.mint(recipient,debtTokenToDeposit) (contracts/v2/router/MakerHelper.sol#164)
	Event emitted after the call(s):
	- MakerHelperEvents.MintTokens(address(market),recipient,debtTokenToDeposit) (contracts/v2/router/MakerHelper.sol#165)
Reentrancy in MakerHelper.placeOrderForV1(ITermMaxMarket,address,uint256,uint256,uint128,uint128,OrderConfig) (contracts/v2/router/MakerHelper.sol#56-83):
	External calls:
	- (gtId,None) = market.issueFt(maker,0,abi.encode(collateralToMintGt)) (contracts/v2/router/MakerHelper.sol#69)
	- order = market.createOrder(maker,orderConfig.maxXtReserve,orderConfig.swapTrigger,orderConfig.curveCuts) (contracts/v2/router/MakerHelper.sol#71)
	- market.mint(address(order),debtTokenToDeposit) (contracts/v2/router/MakerHelper.sol#76)
	Event emitted after the call(s):
	- MakerHelperEvents.OrderPlaced(maker,address(market),address(order),gtId,debtTokenToDeposit,ftToDeposit,xtToDeposit) (contracts/v2/router/MakerHelper.sol#80-82)
Reentrancy in MakerHelper.placeOrderForV2(ITermMaxMarket,uint256,uint256,uint256,uint128,uint128,OrderInitialParams,DelegateAble.DelegateParameters,DelegateAble.Signature) (contracts/v2/router/MakerHelper.sol#100-158):
	External calls:
	- (initialParams.orderConfig.gtId,None) = market.issueFt(initialParams.maker,0,abi.encode(collateralToMintGt)) (contracts/v2/router/MakerHelper.sol#124)
	- order = ITermMaxMarketV2(address(market)).createOrder(initialParams,salt) (contracts/v2/router/MakerHelper.sol#126)
	- DelegateAble(address(gt)).setDelegateWithSignature(delegateParams,delegateSignature) (contracts/v2/router/MakerHelper.sol#131)
	- initialParams.pool.deposit(debtTokenToDeposit,address(order)) (contracts/v2/router/MakerHelper.sol#139)
	- market.mint(address(order),debtTokenToDeposit) (contracts/v2/router/MakerHelper.sol#143)
	Event emitted after the call(s):
	- MakerHelperEvents.OrderPlaced(initialParams.maker,address(market),address(order),initialParams.orderConfig.gtId,debtTokenToDeposit,ftToDeposit,xtToDeposit) (contracts/v2/router/MakerHelper.sol#148-156)
Reentrancy in TermMaxRouter.redeemAndSwap(address,ITermMaxMarket,uint256,SwapUnit[],uint256) (contracts/v1/router/TermMaxRouter.sol#417-435):
	External calls:
	- (redeemedAmt,collateralData) = market.redeem(ftAmount,address(this)) (contracts/v1/router/TermMaxRouter.sol#427)
	- redeemedAmt += _decodeAmount(_doSwap(collateralData,units)) (contracts/v1/router/TermMaxRouter.sol#428)
		- (success,returnData) = units[i].adapter.delegatecall(dataToSwap) (contracts/v1/router/TermMaxRouter.sol#542)
	Event emitted after the call(s):
	- RedeemAndSwap(market,ftAmount,msg.sender,recipient,redeemedAmt) (contracts/v1/router/TermMaxRouter.sol#433)
Reentrancy in OrderManagerV2.redeemOrder(IERC20,address) (contracts/v2/vault/OrderManagerV2.sol#89-108):
	External calls:
	- (badDebt,deliveryData) = ITermMaxOrderV2(order).redeemAll(address(this)) (contracts/v2/vault/OrderManagerV2.sol#96)
	- _depositToPoolOrNot(asset,asset.balanceOf(address(this))) (contracts/v2/vault/OrderManagerV2.sol#104)
		- pool.deposit(amount,address(this)) (contracts/v2/vault/OrderManagerV2.sol#168)
	Event emitted after the call(s):
	- VaultEventsV2.RedeemOrder(msg.sender,order,badDebt,deliveryCollateral) (contracts/v2/vault/OrderManagerV2.sol#107)
Reentrancy in OrderManagerV2.removeLiquidityFromOrders(IERC20,address[],uint256[]) (contracts/v2/vault/OrderManagerV2.sol#62-82):
	External calls:
	- ITermMaxOrderV2(order).removeLiquidity(asset,removingLiquidity,address(this)) (contracts/v2/vault/OrderManagerV2.sol#74)
	- _depositToPoolOrNot(asset,totalRemovingLiquidity) (contracts/v2/vault/OrderManagerV2.sol#79)
		- pool.deposit(amount,address(this)) (contracts/v2/vault/OrderManagerV2.sol#168)
	Event emitted after the call(s):
	- VaultEventsV2.OrdersLiquidityRemoved(msg.sender,orders,removedLiquidities) (contracts/v2/vault/OrderManagerV2.sol#81)
Reentrancy in TermMaxRouter.repayByTokenThroughFt(address,ITermMaxMarket,uint256,ITermMaxOrder[],uint128[],uint128,uint256) (contracts/v1/router/TermMaxRouter.sol#385-415):
	External calls:
	- netCost = _swapTokenToExactToken(debtToken,ft,address(this),orders,ftAmtsWantBuy,maxTokenIn,deadline) (contracts/v1/router/TermMaxRouter.sol#397-398)
		- netTokenIn += order.swapTokenToExactToken(tokenIn,tokenOut,recipient,tradingAmts[i],maxTokenIn,deadline) (contracts/v1/router/TermMaxRouter.sol#160-161)
	- gt.repay(gtId,repayAmt,false) (contracts/v1/router/TermMaxRouter.sol#406)
	Event emitted after the call(s):
	- RepayByTokenThroughFt(market,gtId,msg.sender,recipient,repayAmt,returnAmt) (contracts/v1/router/TermMaxRouter.sol#414)
Reentrancy in TermMaxRouter.sellTokens(address,ITermMaxMarket,uint128,uint128,ITermMaxOrder[],uint128[],uint128,uint256) (contracts/v1/router/TermMaxRouter.sol#172-194):
	External calls:
	- market.burn(recipient,maxBurn) (contracts/v1/router/TermMaxRouter.sol#189)
	- netTokenOut = _swapExactTokenToToken(toenToSell,debtToken,recipient,orders,amtsToSellTokens,0,deadline) (contracts/v1/router/TermMaxRouter.sol#190)
		- netTokenOut += order.swapExactTokenToToken(tokenIn,tokenOut,recipient,tradingAmts[i],0,deadline) (contracts/v1/router/TermMaxRouter.sol#127)
	Event emitted after the call(s):
	- SellTokens(market,msg.sender,recipient,ftInAmt,xtInAmt,orders,amtsToSellTokens,netTokenOut) (contracts/v1/router/TermMaxRouter.sol#193)
Reentrancy in TermMaxVault.submitPerformanceFeeRate(uint184) (contracts/v1/vault/TermMaxVault.sol#465-477):
	External calls:
	- _setPerformanceFeeRate(uint256(newPerformanceFeeRate).toUint64()) (contracts/v1/vault/TermMaxVault.sol#470)
		- (success,returnData) = ORDER_MANAGER_SINGLETON.delegatecall(data) (contracts/v1/vault/TermMaxVault.sol#382)
	Event emitted after the call(s):
	- SetPerformanceFeeRate(_msgSender(),newPerformanceFeeRate) (contracts/v1/vault/TermMaxVault.sol#471)
Reentrancy in TermMaxVaultV2.submitPerformanceFeeRate(uint184) (contracts/v2/vault/TermMaxVaultV2.sol#480-492):
	External calls:
	- _setPerformanceFeeRate(uint256(newPerformanceFeeRate).toUint64()) (contracts/v2/vault/TermMaxVaultV2.sol#485)
		- (success,returnData) = ORDER_MANAGER_SINGLETON.delegatecall(data) (contracts/v2/vault/TermMaxVaultV2.sol#398)
	Event emitted after the call(s):
	- VaultEvents.SetPerformanceFeeRate(_msgSender(),newPerformanceFeeRate) (contracts/v2/vault/TermMaxVaultV2.sol#486)
Reentrancy in TermMaxRouter.swapExactTokenToToken(IERC20,IERC20,address,ITermMaxOrder[],uint128[],uint128,uint256) (contracts/v1/router/TermMaxRouter.sol#99-112):
	External calls:
	- netTokenOut = _swapExactTokenToToken(tokenIn,tokenOut,recipient,orders,tradingAmts,minTokenOut,deadline) (contracts/v1/router/TermMaxRouter.sol#110)
		- netTokenOut += order.swapExactTokenToToken(tokenIn,tokenOut,recipient,tradingAmts[i],0,deadline) (contracts/v1/router/TermMaxRouter.sol#127)
	Event emitted after the call(s):
	- SwapExactTokenToToken(tokenIn,tokenOut,msg.sender,recipient,orders,tradingAmts,netTokenOut) (contracts/v1/router/TermMaxRouter.sol#111)
Reentrancy in TermMaxRouter.swapTokenToExactToken(IERC20,IERC20,address,ITermMaxOrder[],uint128[],uint128,uint256) (contracts/v1/router/TermMaxRouter.sol#132-145):
	External calls:
	- netTokenIn = _swapTokenToExactToken(tokenIn,tokenOut,recipient,orders,tradingAmts,maxTokenIn,deadline) (contracts/v1/router/TermMaxRouter.sol#142)
		- netTokenIn += order.swapTokenToExactToken(tokenIn,tokenOut,recipient,tradingAmts[i],maxTokenIn,deadline) (contracts/v1/router/TermMaxRouter.sol#160-161)
	Event emitted after the call(s):
	- SwapTokenToExactToken(tokenIn,tokenOut,msg.sender,recipient,orders,tradingAmts,netTokenIn) (contracts/v1/router/TermMaxRouter.sol#144)
Reentrancy in TermMaxMarket.updateMarketConfig(MarketConfig) (contracts/v1/TermMaxMarket.sol#145-156):
	External calls:
	- gt.setTreasurer(newConfig.treasurer) (contracts/v1/TermMaxMarket.sol#149)
	Event emitted after the call(s):
	- UpdateMarketConfig(mConfig) (contracts/v1/TermMaxMarket.sol#155)
Reentrancy in TermMaxMarketV2.updateMarketConfig(MarketConfig) (contracts/v2/TermMaxMarketV2.sol#165-176):
	External calls:
	- gt.setTreasurer(newConfig.treasurer) (contracts/v2/TermMaxMarketV2.sol#170)
	Event emitted after the call(s):
	- UpdateMarketConfig(mConfig) (contracts/v2/TermMaxMarketV2.sol#175)
Reentrancy in OrderManagerV2.updateOrdersConfiguration(address[],OrderV2ConfigurationParams[]) (contracts/v2/vault/OrderManagerV2.sol#45-60):
	External calls:
	- ITermMaxOrderV2(order).setCurveAndPrice(config.originalVirtualXtReserve,config.virtualXtReserve,config.maxXtReserve,config.curveCuts) (contracts/v2/vault/OrderManagerV2.sol#55-57)
	Event emitted after the call(s):
	- VaultEventsV2.OrdersConfigurationUpdated(msg.sender,orders) (contracts/v2/vault/OrderManagerV2.sol#59)
Reentrancy in OrderManager.withdrawAssets(IERC20,address,uint256) (contracts/v1/vault/OrderManager.sol#180-235):
	External calls:
	- totalRedeem = _redeemFromMarket(order,orderInfo) (contracts/v1/vault/OrderManager.sol#196)
		- ITermMaxOrder(order).withdrawAssets(orderInfo.ft,address(this),ftReserve) (contracts/v1/vault/OrderManager.sol#283)
		- (totalRedeem,None) = orderInfo.market.redeem(ftReserve,address(this)) (contracts/v1/vault/OrderManager.sol#285)
	- _burnFromOrder(ITermMaxOrder(order),orderInfo,maxWithdraw) (contracts/v1/vault/OrderManager.sol#213)
		- order.withdrawAssets(orderInfo.ft,address(this),amount) (contracts/v1/vault/OrderManager.sol#272)
		- order.withdrawAssets(orderInfo.xt,address(this),amount) (contracts/v1/vault/OrderManager.sol#273)
		- orderInfo.market.burn(address(this),amount) (contracts/v1/vault/OrderManager.sol#277)
	Event emitted after the call(s):
	- RedeemOrder(msg.sender,order,ftReserve.toUint128(),totalRedeem.toUint128()) (contracts/v1/vault/OrderManager.sol#292)
		- totalRedeem = _redeemFromMarket(order,orderInfo) (contracts/v1/vault/OrderManager.sol#196)
Reference: https://github.com/crytic/slither/wiki/Detector-Documentation#reentrancy-vulnerabilities-4

Detector: timestamp
TermMaxMarket.initialize(MarketInitialParams) (contracts/v1/TermMaxMarket.sol#74-89) uses timestamp for comparisons
	Dangerous comparisons:
	- config_.maturity <= block.timestamp (contracts/v1/TermMaxMarket.sol#79)
TermMaxMarket.previewRedeem(uint256) (contracts/v1/TermMaxMarket.sol#300-321) uses timestamp for comparisons
	Dangerous comparisons:
	- block.timestamp < liquidationDeadline (contracts/v1/TermMaxMarket.sol#310)
TermMaxMarket._redeem(address,address,uint256) (contracts/v1/TermMaxMarket.sol#336-362) uses timestamp for comparisons
	Dangerous comparisons:
	- block.timestamp < liquidationDeadline (contracts/v1/TermMaxMarket.sol#344)
TermMaxOrder.swapExactTokenToToken(IERC20,IERC20,address,uint128,uint128,uint256) (contracts/v1/TermMaxOrder.sol#321-369) uses timestamp for comparisons
	Dangerous comparisons:
	- block.timestamp > deadline (contracts/v1/TermMaxOrder.sol#329)
TermMaxOrder._buyToken(address,address,uint256,uint256,OrderConfig,function(uint256,uint256,uint256,OrderConfig) returns(uint256,uint256,IERC20)) (contracts/v1/TermMaxOrder.sol#417-446) uses timestamp for comparisons
	Dangerous comparisons:
	- netOut < minTokenOut (contracts/v1/TermMaxOrder.sol#432)
	- tokenOut == ft (contracts/v1/TermMaxOrder.sol#438)
TermMaxOrder._sellToken(address,address,uint256,uint256,OrderConfig,function(uint256,uint256,uint256,OrderConfig) returns(uint256,uint256,IERC20)) (contracts/v1/TermMaxOrder.sol#475-498) uses timestamp for comparisons
	Dangerous comparisons:
	- netOut < minDebtTokenOut (contracts/v1/TermMaxOrder.sol#487)
	- tokenIn == xt (contracts/v1/TermMaxOrder.sol#490)
TermMaxOrder.swapTokenToExactToken(IERC20,IERC20,address,uint128,uint128,uint256) (contracts/v1/TermMaxOrder.sol#531-581) uses timestamp for comparisons
	Dangerous comparisons:
	- block.timestamp > deadline (contracts/v1/TermMaxOrder.sol#539)
TermMaxOrder._buyExactToken(address,address,uint256,uint256,OrderConfig,function(uint256,uint256,uint256,OrderConfig) returns(uint256,uint256,IERC20)) (contracts/v1/TermMaxOrder.sol#606-633) uses timestamp for comparisons
	Dangerous comparisons:
	- netTokenIn > maxTokenIn (contracts/v1/TermMaxOrder.sol#619)
	- tokenOut == ft (contracts/v1/TermMaxOrder.sol#625)
TermMaxOrder._sellTokenForExactToken(address,address,uint256,uint256,OrderConfig,function(uint256,uint256,uint256,OrderConfig) returns(uint256,uint256,IERC20)) (contracts/v1/TermMaxOrder.sol#689-714) uses timestamp for comparisons
	Dangerous comparisons:
	- netTokenIn > maxTokenIn (contracts/v1/TermMaxOrder.sol#703)
	- tokenIn == xt (contracts/v1/TermMaxOrder.sol#706)
TermMaxOrder._issueFtToSelf(uint256,uint256,OrderConfig) (contracts/v1/TermMaxOrder.sol#755-762) uses timestamp for comparisons
	Dangerous comparisons:
	- ftReserve >= targetFtReserve (contracts/v1/TermMaxOrder.sol#756)
OracleAggregator.acceptPendingOracle(address) (contracts/v1/oracle/OracleAggregator.sol#84-95) uses timestamp for comparisons
	Dangerous comparisons:
	- block.timestamp < pendingOracles[asset].validAt (contracts/v1/oracle/OracleAggregator.sol#88)
OracleAggregator.getPrice(address) (contracts/v1/oracle/OracleAggregator.sol#100-114) uses timestamp for comparisons
	Dangerous comparisons:
	- oracle.heartbeat + updatedAt < block.timestamp || answer <= 0 (contracts/v1/oracle/OracleAggregator.sol#103)
	- oracle.heartbeat + updatedAt < block.timestamp || answer <= 0 (contracts/v1/oracle/OracleAggregator.sol#106)
AbstractGearingToken.augmentDebt(address,uint256,uint256) (contracts/v1/tokens/AbstractGearingToken.sol#167-187) uses timestamp for comparisons
	Dangerous comparisons:
	- config.maturity <= block.timestamp (contracts/v1/tokens/AbstractGearingToken.sol#172)
AbstractGearingToken.repay(uint256,uint128,bool) (contracts/v1/tokens/AbstractGearingToken.sol#234-248) uses timestamp for comparisons
	Dangerous comparisons:
	- config.maturity <= block.timestamp (contracts/v1/tokens/AbstractGearingToken.sol#236)
AbstractGearingToken.flashRepay(uint256,bool,bytes) (contracts/v1/tokens/AbstractGearingToken.sol#250-269) uses timestamp for comparisons
	Dangerous comparisons:
	- config.maturity <= block.timestamp (contracts/v1/tokens/AbstractGearingToken.sol#252)
AbstractGearingToken.removeCollateral(uint256,bytes) (contracts/v1/tokens/AbstractGearingToken.sol#290-313) uses timestamp for comparisons
	Dangerous comparisons:
	- config.maturity <= block.timestamp (contracts/v1/tokens/AbstractGearingToken.sol#296)
AbstractGearingToken.addCollateral(uint256,bytes) (contracts/v1/tokens/AbstractGearingToken.sol#323-333) uses timestamp for comparisons
	Dangerous comparisons:
	- _config.maturity <= block.timestamp (contracts/v1/tokens/AbstractGearingToken.sol#324)
AbstractGearingToken._getLiquidationInfo(AbstractGearingToken.LoanInfo,GtConfig) (contracts/v1/tokens/AbstractGearingToken.sol#353-379) uses timestamp for comparisons
	Dangerous comparisons:
	- block.timestamp >= config.maturity + Constants.LIQUIDATION_WINDOW (contracts/v1/tokens/AbstractGearingToken.sol#367)
	- block.timestamp >= config.maturity (contracts/v1/tokens/AbstractGearingToken.sol#369)
AbstractGearingToken.liquidate(uint256,uint128,bool) (contracts/v1/tokens/AbstractGearingToken.sol#384-444) uses timestamp for comparisons
	Dangerous comparisons:
	- block.timestamp >= liquidationDeadline (contracts/v1/tokens/AbstractGearingToken.sol#395)
OrderManager.depositAssets(IERC20,uint256) (contracts/v1/vault/OrderManager.sol#150-175) uses timestamp for comparisons
	Dangerous comparisons:
	- block.timestamp > orderInfo.maturity (contracts/v1/vault/OrderManager.sol#158)
OrderManager.withdrawAssets(IERC20,address,uint256) (contracts/v1/vault/OrderManager.sol#180-235) uses timestamp for comparisons
	Dangerous comparisons:
	- block.timestamp >= orderInfo.maturity + Constants.LIQUIDATION_WINDOW (contracts/v1/vault/OrderManager.sol#194)
	- block.timestamp < orderInfo.maturity (contracts/v1/vault/OrderManager.sol#207)
TermMaxVault.maxDeposit(address) (contracts/v1/vault/TermMaxVault.sol#324-328) uses timestamp for comparisons
	Dangerous comparisons:
	- totalAssets() >= _maxCapacity (contracts/v1/vault/TermMaxVault.sol#326)
TermMaxVault.dealBadDebt(address,uint256,address,address) (contracts/v1/vault/TermMaxVault.sol#396-419) uses timestamp for comparisons
	Dangerous comparisons:
	- shares > maxShares (contracts/v1/vault/TermMaxVault.sol#404)
TermMaxVault._previewAccruedInterest() (contracts/v1/vault/TermMaxVault.sol#696-731) uses timestamp for comparisons
	Dangerous comparisons:
	- currentTime >= recentMaturity && recentMaturity != 0 (contracts/v1/vault/TermMaxVault.sol#712)
TermMaxMarketV2.initialize(MarketInitialParams) (contracts/v2/TermMaxMarketV2.sol#92-107) uses timestamp for comparisons
	Dangerous comparisons:
	- config_.maturity <= block.timestamp (contracts/v2/TermMaxMarketV2.sol#97)
TermMaxMarketV2._checkDeadline() (contracts/v2/TermMaxMarketV2.sol#419-427) uses timestamp for comparisons
	Dangerous comparisons:
	- block.timestamp < liquidationDeadline (contracts/v2/TermMaxMarketV2.sol#424)
TermMaxOrderV2.swapExactTokenToToken(IERC20,IERC20,address,uint128,uint128,uint256) (contracts/v2/TermMaxOrderV2.sol#666-721) uses timestamp for comparisons
	Dangerous comparisons:
	- block.timestamp > deadline (contracts/v2/TermMaxOrderV2.sol#674)
TermMaxOrderV2.swapTokenToExactToken(IERC20,IERC20,address,uint128,uint128,uint256) (contracts/v2/TermMaxOrderV2.sol#734-788) uses timestamp for comparisons
	Dangerous comparisons:
	- block.timestamp > deadline (contracts/v2/TermMaxOrderV2.sol#742)
TermMaxOrderV2._buyToken(uint256,uint256,OrderConfig,function(uint256,uint256,uint256,OrderConfig) returns(uint256,uint256,uint256,uint256,bool)) (contracts/v2/TermMaxOrderV2.sol#1085-1098) uses timestamp for comparisons
	Dangerous comparisons:
	- netOut < minTokenOut (contracts/v2/TermMaxOrderV2.sol#1096)
TermMaxOrderV2._buyExactToken(uint256,uint256,OrderConfig,function(uint256,uint256,uint256,OrderConfig) returns(uint256,uint256,uint256,uint256,bool)) (contracts/v2/TermMaxOrderV2.sol#1112-1125) uses timestamp for comparisons
	Dangerous comparisons:
	- netTokenIn > maxTokenIn (contracts/v2/TermMaxOrderV2.sol#1122)
TermMaxOrderV2._sellToken(uint256,uint256,OrderConfig,function(uint256,uint256,uint256,OrderConfig) returns(uint256,uint256,uint256,uint256,bool)) (contracts/v2/TermMaxOrderV2.sol#1139-1150) uses timestamp for comparisons
	Dangerous comparisons:
	- netOut < minDebtTokenOut (contracts/v2/TermMaxOrderV2.sol#1148)
TermMaxOrderV2._sellTokenForExactToken(uint256,uint256,OrderConfig,function(uint256,uint256,uint256,OrderConfig) returns(uint256,uint256,uint256,uint256,bool)) (contracts/v2/TermMaxOrderV2.sol#1164-1177) uses timestamp for comparisons
	Dangerous comparisons:
	- netTokenIn > maxTokenIn (contracts/v2/TermMaxOrderV2.sol#1174)
OracleAggregatorV2.acceptPendingOracle(address) (contracts/v2/oracle/OracleAggregatorV2.sol#159-170) uses timestamp for comparisons
	Dangerous comparisons:
	- pendingOracles[asset].validAt == 0 (contracts/v2/oracle/OracleAggregatorV2.sol#160)
	- block.timestamp < pendingOracles[asset].validAt (contracts/v2/oracle/OracleAggregatorV2.sol#163)
OracleAggregatorV2.getPrice(address) (contracts/v2/oracle/OracleAggregatorV2.sol#199-230) uses timestamp for comparisons
	Dangerous comparisons:
	- oracle.aggregator == AggregatorV3Interface(address(0)) (contracts/v2/oracle/OracleAggregatorV2.sol#202)
	- oracle.heartbeat == 0 || oracle.heartbeat + updatedAt >= block.timestamp (contracts/v2/oracle/OracleAggregatorV2.sol#210)
	- address(oracle.backupAggregator) != address(0) (contracts/v2/oracle/OracleAggregatorV2.sol#218)
	- oracle.backupHeartbeat == 0 || oracle.backupHeartbeat + updatedAt_scope_1 >= block.timestamp (contracts/v2/oracle/OracleAggregatorV2.sol#221)
OracleAggregatorV2._checkAnswer(int256,IOracleV2.Oracle) (contracts/v2/oracle/OracleAggregatorV2.sol#232-241) uses timestamp for comparisons
	Dangerous comparisons:
	- answer < 0 (contracts/v2/oracle/OracleAggregatorV2.sol#233)
	- oracle.maxPrice != 0 && answer > oracle.maxPrice (contracts/v2/oracle/OracleAggregatorV2.sol#235)
	- oracle.minPrice != 0 && answer < oracle.minPrice (contracts/v2/oracle/OracleAggregatorV2.sol#237)
OracleAggregatorWithSequencerV2._isSequencerUp() (contracts/v2/oracle/OracleAggregatorWithSequencerV2.sol#39-48) uses timestamp for comparisons
	Dangerous comparisons:
	- isGracePeriodOver = block.timestamp - startedAt > gracePeriodTime (contracts/v2/oracle/OracleAggregatorWithSequencerV2.sol#45)
	- isSequencerUp && isGracePeriodOver (contracts/v2/oracle/OracleAggregatorWithSequencerV2.sol#47)
TermMaxOndoPriceFeedAdapter.latestRoundData() (contracts/v2/oracle/adapters/ondo/TermMaxOndoPriceFeedAdapter.sol#87-113) uses timestamp for comparisons
	Dangerous comparisons:
	- maxUpdateInterval != 0 && block.timestamp > lastUpdate + maxUpdateInterval (contracts/v2/oracle/adapters/ondo/TermMaxOndoPriceFeedAdapter.sol#96)
	- isPaused = pauseStartTime > 0 && block.timestamp >= pauseStartTime (contracts/v2/oracle/adapters/ondo/TermMaxOndoPriceFeedAdapter.sol#101)
TermMaxPancakeTWAPPriceFeed._ensureSufficientObservations(address,uint32) (contracts/v2/oracle/priceFeeds/TermMaxPancakeTWAPPriceFeed.sol#12-29) uses timestamp for comparisons
	Dangerous comparisons:
	- currentTimestamp - uint256(latestTimestamp) < _twapPeriod (contracts/v2/oracle/priceFeeds/TermMaxPancakeTWAPPriceFeed.sol#23)
	- currentTimestamp - uint256(oldestTimestamp) < _twapPeriod (contracts/v2/oracle/priceFeeds/TermMaxPancakeTWAPPriceFeed.sol#28)
TermMaxUniswapTWAPPriceFeed._ensureSufficientObservations(address,uint32) (contracts/v2/oracle/priceFeeds/TermMaxUniswapTWAPPriceFeed.sol#138-154) uses timestamp for comparisons
	Dangerous comparisons:
	- currentTimestamp - uint256(latestTimestamp) < _twapPeriod (contracts/v2/oracle/priceFeeds/TermMaxUniswapTWAPPriceFeed.sol#148)
	- currentTimestamp - uint256(oldestTimestamp) < _twapPeriod (contracts/v2/oracle/priceFeeds/TermMaxUniswapTWAPPriceFeed.sol#153)
AbstractGearingTokenV2.augmentDebt(address,uint256,uint256) (contracts/v2/tokens/AbstractGearingTokenV2.sol#200-224) uses timestamp for comparisons
	Dangerous comparisons:
	- config.maturity <= block.timestamp (contracts/v2/tokens/AbstractGearingTokenV2.sol#209)
AbstractGearingTokenV2.merge(uint256[]) (contracts/v2/tokens/AbstractGearingTokenV2.sol#250-276) uses timestamp for comparisons
	Dangerous comparisons:
	- config.maturity <= block.timestamp (contracts/v2/tokens/AbstractGearingTokenV2.sol#255)
AbstractGearingTokenV2.repay(uint256,uint128,bool) (contracts/v2/tokens/AbstractGearingTokenV2.sol#281-300) uses timestamp for comparisons
	Dangerous comparisons:
	- config.maturity <= block.timestamp (contracts/v2/tokens/AbstractGearingTokenV2.sol#283)
AbstractGearingTokenV2._flashRepay(uint256,uint128,bool,bytes,bytes) (contracts/v2/tokens/AbstractGearingTokenV2.sol#331-365) uses timestamp for comparisons
	Dangerous comparisons:
	- config.maturity <= block.timestamp (contracts/v2/tokens/AbstractGearingTokenV2.sol#339)
AbstractGearingTokenV2.repayAndRemoveCollateral(uint256,uint128,bool,address,bytes) (contracts/v2/tokens/AbstractGearingTokenV2.sol#390-419) uses timestamp for comparisons
	Dangerous comparisons:
	- config.maturity <= block.timestamp (contracts/v2/tokens/AbstractGearingTokenV2.sol#398)
AbstractGearingTokenV2.removeCollateral(uint256,bytes) (contracts/v2/tokens/AbstractGearingTokenV2.sol#424-451) uses timestamp for comparisons
	Dangerous comparisons:
	- config.maturity <= block.timestamp (contracts/v2/tokens/AbstractGearingTokenV2.sol#432)
AbstractGearingTokenV2.addCollateral(uint256,bytes) (contracts/v2/tokens/AbstractGearingTokenV2.sol#461-471) uses timestamp for comparisons
	Dangerous comparisons:
	- _config.maturity <= block.timestamp (contracts/v2/tokens/AbstractGearingTokenV2.sol#462)
AbstractGearingTokenV2._getLiquidationInfo(AbstractGearingTokenV2.LoanInfo,GtConfig) (contracts/v2/tokens/AbstractGearingTokenV2.sol#492-524) uses timestamp for comparisons
	Dangerous comparisons:
	- block.timestamp >= config.maturity + Constants.LIQUIDATION_WINDOW (contracts/v2/tokens/AbstractGearingTokenV2.sol#506)
	- block.timestamp >= config.maturity (contracts/v2/tokens/AbstractGearingTokenV2.sol#508)
AbstractGearingTokenV2.liquidate(uint256,uint128,bool) (contracts/v2/tokens/AbstractGearingTokenV2.sol#529-578) uses timestamp for comparisons
	Dangerous comparisons:
	- block.timestamp >= liquidationDeadline (contracts/v2/tokens/AbstractGearingTokenV2.sol#540)
OrderManagerV2._accruedInterest() (contracts/v2/vault/OrderManagerV2.sol#225-252) uses timestamp for comparisons
	Dangerous comparisons:
	- currentTime == lastTime (contracts/v2/vault/OrderManagerV2.sol#228)
	- recentMaturity != 0 && recentMaturity <= currentTime (contracts/v2/vault/OrderManagerV2.sol#231)
OrderManagerV2._checkLockedFt() (contracts/v2/vault/OrderManagerV2.sol#254-256) uses timestamp for comparisons
	Dangerous comparisons:
	- _accretingPrincipal + _performanceFee > _totalFt (contracts/v2/vault/OrderManagerV2.sol#255)
OrderManagerV2._checkApy() (contracts/v2/vault/OrderManagerV2.sol#262-272) uses timestamp for comparisons
	Dangerous comparisons:
	- currentApy < __minAPy (contracts/v2/vault/OrderManagerV2.sol#268)
	- _accretingPrincipal == 0 (contracts/v2/vault/OrderManagerV2.sol#265-267)
OrderManagerV2.afterSwap(IERC20,uint256,uint256,int256,int256) (contracts/v2/vault/OrderManagerV2.sol#276-328) uses timestamp for comparisons
	Dangerous comparisons:
	- maturityInterest < deltaAnnualizedInterest_scope_0 || _annualizedInterest < deltaAnnualizedInterest_scope_0 (contracts/v2/vault/OrderManagerV2.sol#311)
TermMaxVaultV2.maxDeposit(address) (contracts/v2/vault/TermMaxVaultV2.sol#317-321) uses timestamp for comparisons
	Dangerous comparisons:
	- totalAssets() >= _maxCapacity (contracts/v2/vault/TermMaxVaultV2.sol#319)
TermMaxVaultV2.withdrawFts(address,uint256,address,address) (contracts/v2/vault/TermMaxVaultV2.sol#376-395) uses timestamp for comparisons
	Dangerous comparisons:
	- shares > maxShares (contracts/v2/vault/TermMaxVaultV2.sol#384)
TermMaxVaultV2.dealBadDebt(address,uint256,address,address) (contracts/v2/vault/TermMaxVaultV2.sol#409-433) uses timestamp for comparisons
	Dangerous comparisons:
	- shares > maxShares (contracts/v2/vault/TermMaxVaultV2.sol#418)
TermMaxVaultV2._previewAccruedInterest() (contracts/v2/vault/TermMaxVaultV2.sol#670-705) uses timestamp for comparisons
	Dangerous comparisons:
	- currentTime >= recentMaturity && recentMaturity != 0 (contracts/v2/vault/TermMaxVaultV2.sol#686)
Reference: https://github.com/crytic/slither/wiki/Detector-Documentation#block-timestamp

Detector: assembly
TermMaxOrder.setInitialFtReserve(uint256) (contracts/v1/TermMaxOrder.sol#54-58) uses assembly
	- INLINE ASM (contracts/v1/TermMaxOrder.sol#55-57)
TermMaxOrder.setInitialXtReserve(uint256) (contracts/v1/TermMaxOrder.sol#60-64) uses assembly
	- INLINE ASM (contracts/v1/TermMaxOrder.sol#61-63)
TermMaxOrder.getInitialFtReserve() (contracts/v1/TermMaxOrder.sol#66-70) uses assembly
	- INLINE ASM (contracts/v1/TermMaxOrder.sol#67-69)
TermMaxOrder.getInitialXtReserve() (contracts/v1/TermMaxOrder.sol#72-76) uses assembly
	- INLINE ASM (contracts/v1/TermMaxOrder.sol#73-75)
OKXScaleHelper._okxScaling(bytes,uint256,address) (contracts/v1/extensions/OKXScaleHelper.sol#5-118) uses assembly
	- INLINE ASM (contracts/v1/extensions/OKXScaleHelper.sol#11-13)
	- INLINE ASM (contracts/v1/extensions/OKXScaleHelper.sol#15-23)
TermMaxRouter_Repay_Gt.leverageFromToken(address,ITermMaxMarket,ITermMaxOrder[],uint128[],uint128,uint128,uint128,SwapUnit[],uint256) (contracts/v1/router/TermMaxRouter_Repay_Gt.sol#216-245) uses assembly
	- INLINE ASM (contracts/v1/router/TermMaxRouter_Repay_Gt.sol#227-229)
TermMaxRouter_Repay_Gt.leverageFromXt(address,ITermMaxMarket,uint128,uint128,uint128,SwapUnit[]) (contracts/v1/router/TermMaxRouter_Repay_Gt.sol#250-276) uses assembly
	- INLINE ASM (contracts/v1/router/TermMaxRouter_Repay_Gt.sol#258-260)
TermMaxRouter_Repay_Gt.leverageFromXtAndCollateral(address,ITermMaxMarket,uint128,uint128,uint128,SwapUnit[]) (contracts/v1/router/TermMaxRouter_Repay_Gt.sol#281-308) uses assembly
	- INLINE ASM (contracts/v1/router/TermMaxRouter_Repay_Gt.sol#289-291)
TermMaxRouter_Repay_Gt.flashRepayFromColl(address,ITermMaxMarket,uint256,ITermMaxOrder[],uint128[],bool,SwapUnit[],uint256) (contracts/v1/router/TermMaxRouter_Repay_Gt.sol#396-415) uses assembly
	- INLINE ASM (contracts/v1/router/TermMaxRouter_Repay_Gt.sol#407-410)
TermMaxRouter_V1_1_2.leverageFromToken(address,ITermMaxMarket,ITermMaxOrder[],uint128[],uint128,uint128,uint128,SwapUnit[],uint256) (contracts/v1/router/TermMaxRouter_V1_1_2.sol#236-265) uses assembly
	- INLINE ASM (contracts/v1/router/TermMaxRouter_V1_1_2.sol#247-249)
TermMaxRouter_V1_1_2.leverageFromXt(address,ITermMaxMarket,uint128,uint128,uint128,SwapUnit[]) (contracts/v1/router/TermMaxRouter_V1_1_2.sol#270-296) uses assembly
	- INLINE ASM (contracts/v1/router/TermMaxRouter_V1_1_2.sol#278-280)
TermMaxRouter_V1_1_2.sellCall(address,ITermMaxMarket,IERC20,uint128,uint128,uint128,uint128,uint128,SwapUnit[]) (contracts/v1/router/TermMaxRouter_V1_1_2.sol#311-351) uses assembly
	- INLINE ASM (contracts/v1/router/TermMaxRouter_V1_1_2.sol#322-324)
TermMaxRouter_V1_1_2.leverageFromXtAndCollateral(address,ITermMaxMarket,uint128,uint128,uint128,SwapUnit[]) (contracts/v1/router/TermMaxRouter_V1_1_2.sol#356-383) uses assembly
	- INLINE ASM (contracts/v1/router/TermMaxRouter_V1_1_2.sol#364-366)
TermMaxRouter_V1_1_2.flashRepayFromColl(address,ITermMaxMarket,uint256,ITermMaxOrder[],uint128[],bool,uint256,SwapUnit[],uint256) (contracts/v1/router/TermMaxRouter_V1_1_2.sol#483-506) uses assembly
	- INLINE ASM (contracts/v1/router/TermMaxRouter_V1_1_2.sol#495-498)
TermMaxVault._delegateCall(bytes) (contracts/v1/vault/TermMaxVault.sol#381-391) uses assembly
	- INLINE ASM (contracts/v1/vault/TermMaxVault.sol#384-388)
TermMaxOrderV2._getTreasurerCached() (contracts/v2/TermMaxOrderV2.sol#268-273) uses assembly
	- INLINE ASM (contracts/v2/TermMaxOrderV2.sol#270-272)
TermMaxOrderV2._cacheTreasurer(address) (contracts/v2/TermMaxOrderV2.sol#275-280) uses assembly
	- INLINE ASM (contracts/v2/TermMaxOrderV2.sol#277-279)
TermMaxOrderV2._cacheMaturity(uint256) (contracts/v2/TermMaxOrderV2.sol#282-287) uses assembly
	- INLINE ASM (contracts/v2/TermMaxOrderV2.sol#284-286)
TermMaxOrderV2._getMaturityCached() (contracts/v2/TermMaxOrderV2.sol#289-294) uses assembly
	- INLINE ASM (contracts/v2/TermMaxOrderV2.sol#291-293)
TermMaxRouterV2.leverage(address,ITermMaxMarket,uint128,bool,SwapPath[],SwapPath,SwapPath) (contracts/v2/router/TermMaxRouterV2.sol#169-215) uses assembly
	- INLINE ASM (contracts/v2/router/TermMaxRouterV2.sol#178-180)
TermMaxRouterV2._flashRepayFromCollateral(address,ITermMaxMarket,uint256,bool,uint256,bytes,bool) (contracts/v2/router/TermMaxRouterV2.sol#282-312) uses assembly
	- INLINE ASM (contracts/v2/router/TermMaxRouterV2.sol#292-295)
TermMaxRouterV2._rolloverGt(IGearingToken,uint256,IERC20,uint256,bytes) (contracts/v2/router/TermMaxRouterV2.sol#337-363) uses assembly
	- INLINE ASM (contracts/v2/router/TermMaxRouterV2.sol#345-352)
	- INLINE ASM (contracts/v2/router/TermMaxRouterV2.sol#359-361)
TermMaxRouterV2.executeOperation(IERC20,uint128,address,bytes,bytes) (contracts/v2/router/TermMaxRouterV2.sol#414-440) uses assembly
	- INLINE ASM (contracts/v2/router/TermMaxRouterV2.sol#426-430)
TermMaxRouterV2._rollover(IERC20,uint256,bytes,bytes) (contracts/v2/router/TermMaxRouterV2.sol#449-498) uses assembly
	- INLINE ASM (contracts/v2/router/TermMaxRouterV2.sol#495-497)
ERC20SwapAdapterV2._validateSelector(bytes) (contracts/v2/router/swapAdapters/ERC20SwapAdapterV2.sol#37-50) uses assembly
	- INLINE ASM (contracts/v2/router/swapAdapters/ERC20SwapAdapterV2.sol#43-45)
LifiSwapAdapter._swap(address,IERC20,IERC20,uint256,bytes) (contracts/v2/router/swapAdapters/LifiSwapAdapter.sol#29-61) uses assembly
	- INLINE ASM (contracts/v2/router/swapAdapters/LifiSwapAdapter.sol#49-53)
OkxSwapAdapter._swap(address,IERC20,IERC20,uint256,bytes) (contracts/v2/router/swapAdapters/OkxSwapAdapter.sol#14-39) uses assembly
	- INLINE ASM (contracts/v2/router/swapAdapters/OkxSwapAdapter.sol#29-33)
PancakeSmartAdapter._swap(address,IERC20,IERC20,uint256,bytes) (contracts/v2/router/swapAdapters/PancakeSmartAdapter.sol#24-67) uses assembly
	- INLINE ASM (contracts/v2/router/swapAdapters/PancakeSmartAdapter.sol#47-51)
AddressCast.toBytes(bytes32,uint256) (contracts/v2/tokenomics/TMX.sol#381-390) uses assembly
	- INLINE ASM (contracts/v2/tokenomics/TMX.sol#386-388)
OAppOptionsType3._assertOptionsType3(bytes) (contracts/v2/tokenomics/TMX.sol#849-855) uses assembly
	- INLINE ASM (contracts/v2/tokenomics/TMX.sol#851-853)
SafeERC20._callOptionalReturn(IERC20,bytes) (contracts/v2/tokenomics/TMX.sol#1415-1433) uses assembly
	- INLINE ASM (contracts/v2/tokenomics/TMX.sol#1418-1428)
SafeERC20._callOptionalReturnBool(IERC20,bytes) (contracts/v2/tokenomics/TMX.sol#1443-1453) uses assembly
	- INLINE ASM (contracts/v2/tokenomics/TMX.sol#1447-1451)
UniversalFactory.deploy(bytes,uint256) (contracts/v2/tokenomics/UniversalFactory.sol#28-48) uses assembly
	- INLINE ASM (contracts/v2/tokenomics/UniversalFactory.sol#35-37)
TermMaxVaultV2._delegateCall(bytes) (contracts/v2/vault/TermMaxVaultV2.sol#397-407) uses assembly
	- INLINE ASM (contracts/v2/vault/TermMaxVaultV2.sol#400-404)
Reference: https://github.com/crytic/slither/wiki/Detector-Documentation#assembly-usage

Detector: costly-loop
AbstractGearingToken._burnInternal(uint256) (contracts/v1/tokens/AbstractGearingToken.sol#204-207) has costly operations inside a loop:
	- delete loanMapping[id] (contracts/v1/tokens/AbstractGearingToken.sol#206)
	Calls stack containing the loop:
		AbstractGearingToken.merge(uint256[])
OrderManager._redeemFromMarket(address,OrderInfo) (contracts/v1/vault/OrderManager.sol#280-297) has costly operations inside a loop:
	- delete _orderMapping[order] (contracts/v1/vault/OrderManager.sol#294)
	Calls stack containing the loop:
		OrderManager.withdrawAssets(IERC20,address,uint256)
AbstractGearingTokenV2._burnInternal(uint256) (contracts/v2/tokens/AbstractGearingTokenV2.sol#242-245) has costly operations inside a loop:
	- delete loanMapping[id] (contracts/v2/tokens/AbstractGearingTokenV2.sol#244)
	Calls stack containing the loop:
		AbstractGearingTokenV2.merge(uint256[])
Reference: https://github.com/crytic/slither/wiki/Detector-Documentation#costly-operations-inside-a-loop

Detector: cyclomatic-complexity
TermMaxOrder._updateCurve(CurveCuts) (contracts/v1/TermMaxOrder.sol#230-306) has a high cyclomatic complexity (12).
Reference: https://github.com/crytic/slither/wiki/Detector-Documentation#cyclomatic-complexity

Detector: dead-code
Context._contextSuffixLength() (contracts/v2/tokenomics/TMX.sol#653-655) is never used and should be removed
Context._msgData() (contracts/v2/tokenomics/TMX.sol#649-651) is never used and should be removed
TermMaxMarket._contactString(string,string) (contracts/v1/TermMaxMarket.sol#124-126) is never used and should be removed
TermMaxOrder._buyExactFtStep(uint256,uint256,uint256,OrderConfig) (contracts/v1/TermMaxOrder.sol#635-648) is never used and should be removed
TermMaxOrder._buyExactXtStep(uint256,uint256,uint256,OrderConfig) (contracts/v1/TermMaxOrder.sol#650-662) is never used and should be removed
TermMaxOrder._buyFtStep(uint256,uint256,uint256,OrderConfig) (contracts/v1/TermMaxOrder.sol#448-459) is never used and should be removed
TermMaxOrder._buyXtStep(uint256,uint256,uint256,OrderConfig) (contracts/v1/TermMaxOrder.sol#461-473) is never used and should be removed
TermMaxOrder._sellFtForExactTokenStep(uint256,uint256,uint256,OrderConfig) (contracts/v1/TermMaxOrder.sol#716-732) is never used and should be removed
TermMaxOrder._sellFtStep(uint256,uint256,uint256,OrderConfig) (contracts/v1/TermMaxOrder.sol#500-512) is never used and should be removed
TermMaxOrder._sellXtForExactTokenStep(uint256,uint256,uint256,OrderConfig) (contracts/v1/TermMaxOrder.sol#734-749) is never used and should be removed
TermMaxOrder._sellXtStep(uint256,uint256,uint256,OrderConfig) (contracts/v1/TermMaxOrder.sol#514-526) is never used and should be removed
TermMaxOrderV2._buyExactFt(uint256,uint256,OrderConfig) (contracts/v2/TermMaxOrderV2.sol#952-960) is never used and should be removed
TermMaxOrderV2._buyExactFtStep(uint256,uint256,uint256,OrderConfig) (contracts/v2/TermMaxOrderV2.sol#1252-1267) is never used and should be removed
TermMaxOrderV2._buyExactToken(uint256,uint256,OrderConfig,function(uint256,uint256,uint256,OrderConfig) returns(uint256,uint256,uint256,uint256,bool)) (contracts/v2/TermMaxOrderV2.sol#1112-1125) is never used and should be removed
TermMaxOrderV2._buyExactXt(uint256,uint256,OrderConfig) (contracts/v2/TermMaxOrderV2.sol#973-981) is never used and should be removed
TermMaxOrderV2._buyExactXtStep(uint256,uint256,uint256,OrderConfig) (contracts/v2/TermMaxOrderV2.sol#1281-1296) is never used and should be removed
TermMaxOrderV2._buyFt(uint256,uint256,OrderConfig) (contracts/v2/TermMaxOrderV2.sol#912-919) is never used and should be removed
TermMaxOrderV2._buyFtStep(uint256,uint256,uint256,OrderConfig) (contracts/v2/TermMaxOrderV2.sol#1195-1209) is never used and should be removed
TermMaxOrderV2._buyToken(uint256,uint256,OrderConfig,function(uint256,uint256,uint256,OrderConfig) returns(uint256,uint256,uint256,uint256,bool)) (contracts/v2/TermMaxOrderV2.sol#1085-1098) is never used and should be removed
TermMaxOrderV2._buyXt(uint256,uint256,OrderConfig) (contracts/v2/TermMaxOrderV2.sol#932-939) is never used and should be removed
TermMaxOrderV2._buyXtStep(uint256,uint256,uint256,OrderConfig) (contracts/v2/TermMaxOrderV2.sol#1223-1238) is never used and should be removed
TermMaxOrderV2._sellFt(uint256,uint256,OrderConfig) (contracts/v2/TermMaxOrderV2.sol#998-1005) is never used and should be removed
TermMaxOrderV2._sellFtForExactToken(uint256,uint256,OrderConfig) (contracts/v2/TermMaxOrderV2.sol#1038-1046) is never used and should be removed
TermMaxOrderV2._sellFtForExactTokenStep(uint256,uint256,uint256,OrderConfig) (contracts/v2/TermMaxOrderV2.sol#1368-1386) is never used and should be removed
TermMaxOrderV2._sellFtStep(uint256,uint256,uint256,OrderConfig) (contracts/v2/TermMaxOrderV2.sol#1310-1325) is never used and should be removed
TermMaxOrderV2._sellToken(uint256,uint256,OrderConfig,function(uint256,uint256,uint256,OrderConfig) returns(uint256,uint256,uint256,uint256,bool)) (contracts/v2/TermMaxOrderV2.sol#1139-1150) is never used and should be removed
TermMaxOrderV2._sellTokenForExactToken(uint256,uint256,OrderConfig,function(uint256,uint256,uint256,OrderConfig) returns(uint256,uint256,uint256,uint256,bool)) (contracts/v2/TermMaxOrderV2.sol#1164-1177) is never used and should be removed
TermMaxOrderV2._sellXt(uint256,uint256,OrderConfig) (contracts/v2/TermMaxOrderV2.sol#1018-1025) is never used and should be removed
TermMaxOrderV2._sellXtForExactToken(uint256,uint256,OrderConfig) (contracts/v2/TermMaxOrderV2.sol#1059-1067) is never used and should be removed
TermMaxOrderV2._sellXtForExactTokenStep(uint256,uint256,uint256,OrderConfig) (contracts/v2/TermMaxOrderV2.sol#1400-1417) is never used and should be removed
TermMaxOrderV2._sellXtStep(uint256,uint256,uint256,OrderConfig) (contracts/v2/TermMaxOrderV2.sol#1339-1354) is never used and should be removed
TermMaxPancakeTWAPPriceFeed._ensureSufficientObservations(address,uint32) (contracts/v2/oracle/priceFeeds/TermMaxPancakeTWAPPriceFeed.sol#12-29) is never used and should be removed
TermMaxRouter._balanceOf(IERC20,address) (contracts/v1/router/TermMaxRouter.sol#494-496) is never used and should be removed
TermMaxRouter_Repay_Gt._balanceOf(IERC20,address) (contracts/v1/router/TermMaxRouter_Repay_Gt.sol#530-532) is never used and should be removed
TermMaxRouter_V1_1_2._balanceOf(IERC20,address) (contracts/v1/router/TermMaxRouter_V1_1_2.sol#614-616) is never used and should be removed
Reference: https://github.com/crytic/slither/wiki/Detector-Documentation#dead-code

Detector: solc-version
Version constraint >=0.8.0 contains known severe issues (https://solidity.readthedocs.io/en/latest/bugs.html)
	- FullInlinerNonExpressionSplitArgumentEvaluationOrder
	- MissingSideEffectsOnSelectorAccess
	- AbiReencodingHeadOverflowWithStaticArrayCleanup
	- DirtyBytesArrayToStorage
	- DataLocationChangeInInternalOverride
	- NestedCalldataArrayAbiReencodingSizeValidation
	- SignedImmutables
	- ABIDecodeTwoDimensionalArrayMemory
	- KeccakCaching.
It is used by:
	- >=0.8.0 (contracts/v2/extensions/kodiak/IKodiakRouter.sol#2)
	- >=0.8.0 (contracts/v2/extensions/morpho/ISparkLinearOracle.sol#2)
	- >=0.8.0 (contracts/v2/tokenomics/TMX.sol#9)
	- >=0.8.0 (contracts/v2/tokenomics/TMX.sol#83)
	- >=0.8.0 (contracts/v2/tokenomics/TMX.sol#118)
	- >=0.8.0 (contracts/v2/tokenomics/TMX.sol#157)
	- >=0.8.0 (contracts/v2/tokenomics/TMX.sol#169)
	- >=0.8.0 (contracts/v2/tokenomics/TMX.sol#256)
	- >=0.8.0 (contracts/v2/tokenomics/TMX.sol#304)
	- >=0.8.0 (contracts/v2/tokenomics/TMX.sol#329)
Version constraint >=0.4.16 contains known severe issues (https://solidity.readthedocs.io/en/latest/bugs.html)
	- DirtyBytesArrayToStorage
	- ABIDecodeTwoDimensionalArrayMemory
	- KeccakCaching
	- EmptyByteArrayCopy
	- DynamicArrayCleanup
	- ImplicitConstructorCallvalueCheck
	- TupleAssignmentMultiStackSlotComponents
	- MemoryArrayCreationOverflow
	- privateCanBeOverridden
	- SignedArrayStorageCopy
	- ABIEncoderV2StorageArrayWithMultiSlotElement
	- DynamicConstructorArgumentsClippedABIV2
	- UninitializedFunctionPointerInConstructor_0.4.x
	- IncorrectEventSignatureInLibraries_0.4.x
	- ExpExponentCleanup
	- NestedArrayFunctionCallDecoder
	- ZeroFunctionSelector.
It is used by:
	- >=0.4.16 (contracts/v2/tokenomics/TMX.sol#277)
	- >=0.4.16 (contracts/v2/tokenomics/TMX.sol#1069)
	- >=0.4.16 (contracts/v2/tokenomics/TMX.sol#1076)
	- >=0.4.16 (contracts/v2/tokenomics/TMX.sol#1158)
Version constraint >=0.6.2 contains known severe issues (https://solidity.readthedocs.io/en/latest/bugs.html)
	- MissingSideEffectsOnSelectorAccess
	- AbiReencodingHeadOverflowWithStaticArrayCleanup
	- DirtyBytesArrayToStorage
	- NestedCalldataArrayAbiReencodingSizeValidation
	- ABIDecodeTwoDimensionalArrayMemory
	- KeccakCaching
	- EmptyByteArrayCopy
	- DynamicArrayCleanup
	- MissingEscapingInFormatting
	- ArraySliceDynamicallyEncodedBaseType
	- ImplicitConstructorCallvalueCheck
	- TupleAssignmentMultiStackSlotComponents
	- MemoryArrayCreationOverflow.
It is used by:
	- >=0.6.2 (contracts/v2/tokenomics/TMX.sol#1165)
	- >=0.6.2 (contracts/v2/tokenomics/TMX.sol#2833)
Version constraint >=0.8.4 contains known severe issues (https://solidity.readthedocs.io/en/latest/bugs.html)
	- FullInlinerNonExpressionSplitArgumentEvaluationOrder
	- MissingSideEffectsOnSelectorAccess
	- AbiReencodingHeadOverflowWithStaticArrayCleanup
	- DirtyBytesArrayToStorage
	- DataLocationChangeInInternalOverride
	- NestedCalldataArrayAbiReencodingSizeValidation
	- SignedImmutables.
It is used by:
	- >=0.8.4 (contracts/v2/tokenomics/TMX.sol#2668)
Reference: https://github.com/crytic/slither/wiki/Detector-Documentation#incorrect-versions-of-solidity

Detector: low-level-calls
Low level call in TermMaxRouter.executeOperation(address,IERC20,uint256,bytes) (contracts/v1/router/TermMaxRouter.sol#465-492):
	- (success,returnData) = lastUnit.adapter.delegatecall(approvalData) (contracts/v1/router/TermMaxRouter.sol#487)
Low level call in TermMaxRouter._doSwap(bytes,SwapUnit[]) (contracts/v1/router/TermMaxRouter.sol#531-549):
	- (success,returnData) = units[i].adapter.delegatecall(dataToSwap) (contracts/v1/router/TermMaxRouter.sol#542)
Low level call in TermMaxRouter_Repay_Gt.executeOperation(address,IERC20,uint256,bytes) (contracts/v1/router/TermMaxRouter_Repay_Gt.sol#500-528):
	- (success,returnData) = lastUnit.adapter.delegatecall(approvalData) (contracts/v1/router/TermMaxRouter_Repay_Gt.sol#523)
Low level call in TermMaxRouter_Repay_Gt._doSwap(bytes,SwapUnit[]) (contracts/v1/router/TermMaxRouter_Repay_Gt.sol#567-585):
	- (success,returnData) = units[i].adapter.delegatecall(dataToSwap) (contracts/v1/router/TermMaxRouter_Repay_Gt.sol#578)
Low level call in TermMaxRouter_V1_1_2._generalLeverage(uint256,TermMaxRouter_V1_1_2.FlashLoanType,bytes) (contracts/v1/router/TermMaxRouter_V1_1_2.sol#587-612):
	- (success,returnData) = lastUnit.adapter.delegatecall(approvalData) (contracts/v1/router/TermMaxRouter_V1_1_2.sol#607)
Low level call in TermMaxRouter_V1_1_2._doSwap(bytes,SwapUnit[]) (contracts/v1/router/TermMaxRouter_V1_1_2.sol#651-668):
	- (success,returnData) = units[i].adapter.delegatecall(dataToSwap) (contracts/v1/router/TermMaxRouter_V1_1_2.sol#661)
Low level call in TermMaxVault._delegateCall(bytes) (contracts/v1/vault/TermMaxVault.sol#381-391):
	- (success,returnData) = ORDER_MANAGER_SINGLETON.delegatecall(data) (contracts/v1/vault/TermMaxVault.sol#382)
Low level call in TermMax4626Factory.create(string,bytes) (contracts/v2/factory/TermMax4626Factory.sol#146-159):
	- (success,None) = instance.call(initialData) (contracts/v2/factory/TermMax4626Factory.sol#154)
Low level call in TermMaxRouterV2._executeSwapUnits(address,uint256,SwapUnit[]) (contracts/v2/router/TermMaxRouterV2.sol#132-164):
	- (success,returnData) = units[i].adapter.delegatecall(dataToSwap) (contracts/v2/router/TermMaxRouterV2.sol#157)
Low level call in LifiSwapAdapter._swap(address,IERC20,IERC20,uint256,bytes) (contracts/v2/router/swapAdapters/LifiSwapAdapter.sol#29-61):
	- (success,returnData) = router.call{value: 0}(data) (contracts/v2/router/swapAdapters/LifiSwapAdapter.sol#47)
Low level call in OkxSwapAdapter._swap(address,IERC20,IERC20,uint256,bytes) (contracts/v2/router/swapAdapters/OkxSwapAdapter.sol#14-39):
	- (success,returnData) = router.call(data) (contracts/v2/router/swapAdapters/OkxSwapAdapter.sol#27)
Low level call in PancakeSmartAdapter._swap(address,IERC20,IERC20,uint256,bytes) (contracts/v2/router/swapAdapters/PancakeSmartAdapter.sol#24-67):
	- (success,returnData) = router.call{value: 0}(data) (contracts/v2/router/swapAdapters/PancakeSmartAdapter.sol#45)
Low level call in TermMaxVaultV2._delegateCall(bytes) (contracts/v2/vault/TermMaxVaultV2.sol#397-407):
	- (success,returnData) = ORDER_MANAGER_SINGLETON.delegatecall(data) (contracts/v2/vault/TermMaxVaultV2.sol#398)
Reference: https://github.com/crytic/slither/wiki/Detector-Documentation#low-level-calls

Detector: missing-inheritance
TermMaxVault (contracts/v1/vault/TermMaxVault.sol#30-748) should inherit from IPausable (contracts/v1/access/AccessManager.sol#21-25)
TermMaxMarketV2 (contracts/v2/TermMaxMarketV2.sol#41-510) should inherit from ITermMaxMarket (contracts/interfaces/ITermMaxMarket.sol#11)
TermMaxOrderV2 (contracts/v2/TermMaxOrderV2.sol#32-1418) should inherit from ITermMaxOrder (contracts/interfaces/ITermMaxOrder.sol#11)
TermMaxRewardContract (contracts/v2/activity/TermMaxRewardContract.sol#13-150) should inherit from IPausable (contracts/v1/access/AccessManager.sol#21-25)
TermMaxPriceFeedFactoryV2 (contracts/v2/factory/TermMaxPriceFeedFactoryV2.sol#18-87) should inherit from IPriceFeedFactory (contracts/v2/oracle/adapters/ondo/TermMaxOndoPriceFeedAdapterFactory.sol#9-15)
TermMaxRouterV2 (contracts/v2/router/TermMaxRouterV2.sol#41-597) should inherit from IPausable (contracts/v1/access/AccessManager.sol#21-25)
MintableERC20V2 (contracts/v2/tokens/MintableERC20V2.sol#12-22) should inherit from IMintableERC20 (contracts/interfaces/IMintableERC20.sol#11)
StableERC4626For4626 (contracts/v2/tokens/StableERC4626For4626.sol#20-167) should inherit from IStableERC4626For4626 (contracts/v2/tokens/IStableERC4626For4626.sol#6-13)
StableERC4626ForAave (contracts/v2/tokens/StableERC4626ForAave.sol#19-167) should inherit from IStableERC4626For4626 (contracts/v2/tokens/IStableERC4626For4626.sol#6-13)
StableERC4626ForCustomize (contracts/v2/tokens/StableERC4626ForCustomize.sol#20-188) should inherit from IStableERC4626For4626 (contracts/v2/tokens/IStableERC4626For4626.sol#6-13)
StableERC4626ForVenus (contracts/v2/tokens/StableERC4626ForVenus.sol#19-211) should inherit from IStableERC4626For4626 (contracts/v2/tokens/IStableERC4626For4626.sol#6-13)
TermMaxVaultV2 (contracts/v2/vault/TermMaxVaultV2.sol#41-741) should inherit from IPausable (contracts/v1/access/AccessManager.sol#21-25)
Reference: https://github.com/crytic/slither/wiki/Detector-Documentation#missing-inheritance

Detector: naming-convention
Variable MockVToken._underlying (contracts/mocks/MockVToken.sol#9) is not in mixedCase
Variable TermMaxMarket.MINTABLE_ERC20_IMPLEMENT (contracts/v1/TermMaxMarket.sol#41) is not in mixedCase
Variable TermMaxMarket.TERMMAX_ORDER_IMPLEMENT (contracts/v1/TermMaxMarket.sol#42) is not in mixedCase
Variable PTWithPriceFeed.PY_LP_ORACLE (contracts/v1/extensions/PTWithPriceFeed.sol#23) is not in mixedCase
Variable PTWithPriceFeed.MARKET (contracts/v1/extensions/PTWithPriceFeed.sol#25) is not in mixedCase
Variable PTWithPriceFeed.DURATION (contracts/v1/extensions/PTWithPriceFeed.sol#27) is not in mixedCase
Variable PTWithPriceFeed.PRICE_FEED (contracts/v1/extensions/PTWithPriceFeed.sol#29) is not in mixedCase
Parameter PriceFeedFactory.createPriceFeedWithERC4626(address,address)._assetPriceFeed (contracts/v1/extensions/PriceFeedFactory.sol#11) is not in mixedCase
Parameter PriceFeedFactory.createPriceFeedWithERC4626(address,address)._vault (contracts/v1/extensions/PriceFeedFactory.sol#11) is not in mixedCase
Parameter PriceFeedFactory.createPriceFeedConverter(address,address)._aTokenToBTokenPriceFeed (contracts/v1/extensions/PriceFeedFactory.sol#17) is not in mixedCase
Parameter PriceFeedFactory.createPriceFeedConverter(address,address)._bTokenToCTokenPriceFeed (contracts/v1/extensions/PriceFeedFactory.sol#17) is not in mixedCase
Parameter PriceFeedFactory.createPTWithPriceFeed(address,address,uint32,address)._pendlePYLpOracle (contracts/v1/extensions/PriceFeedFactory.sol#26) is not in mixedCase
Parameter PriceFeedFactory.createPTWithPriceFeed(address,address,uint32,address)._market (contracts/v1/extensions/PriceFeedFactory.sol#26) is not in mixedCase
Parameter PriceFeedFactory.createPTWithPriceFeed(address,address,uint32,address)._duration (contracts/v1/extensions/PriceFeedFactory.sol#26) is not in mixedCase
Parameter PriceFeedFactory.createPTWithPriceFeed(address,address,uint32,address)._priceFeed (contracts/v1/extensions/PriceFeedFactory.sol#26) is not in mixedCase
Function ITermMaxFactory.TERMMAX_MARKET_IMPLEMENTATION() (contracts/v1/factory/ITermMaxFactory.sol#11) is not in mixedCase
Function IVaultFactory.TERMMAX_VAULT_IMPLEMENTATION() (contracts/v1/factory/IVaultFactory.sol#15) is not in mixedCase
Variable TermMaxFactory.TERMMAX_MARKET_IMPLEMENTATION (contracts/v1/factory/TermMaxFactory.sol#22) is not in mixedCase
Variable VaultFactory.TERMMAX_VAULT_IMPLEMENTATION (contracts/v1/factory/VaultFactory.sol#19) is not in mixedCase
Contract TermMaxRouter_Repay_Gt (contracts/v1/router/TermMaxRouter_Repay_Gt.sol#37-618) is not in CapWords
Contract TermMaxRouter_V1_1_2 (contracts/v1/router/TermMaxRouter_V1_1_2.sol#37-702) is not in CapWords
Variable KyberswapV2Adapter.KYBER_SCALING_HELPER (contracts/v1/router/swapAdapters/KyberswapV2Adapter.sol#22) is not in mixedCase
Struct IOdosRouterV2.swapTokenInfo (contracts/v1/router/swapAdapters/OdosV2Adapter.sol#7-15) is not in CapWords
Function AbstractGearingToken.__AbstractGearingToken_init(string,string,GtConfig) (contracts/v1/tokens/AbstractGearingToken.sol#78-89) is not in mixedCase
Function AbstractGearingToken.__GearingToken_Implement_init(bytes) (contracts/v1/tokens/AbstractGearingToken.sol#91) is not in mixedCase
Function GearingTokenWithERC20.__GearingToken_Implement_init(bytes) (contracts/v1/tokens/GearingTokenWithERC20.sol#33-36) is not in mixedCase
Variable OrderManager.ORDER_MANAGER_SINGLETON (contracts/v1/vault/OrderManager.sol#36) is not in mixedCase
Variable TermMaxVault.ORDER_MANAGER_SINGLETON (contracts/v1/vault/TermMaxVault.sol#45) is not in mixedCase
Variable TermMaxMarketV2.MINTABLE_ERC20_IMPLEMENT (contracts/v2/TermMaxMarketV2.sol#57) is not in mixedCase
Variable TermMaxMarketV2.TERMMAX_ORDER_IMPLEMENT (contracts/v2/TermMaxMarketV2.sol#58) is not in mixedCase
Contract VersionV2_0_1 (contracts/v2/VersionV2_0_1.sol#4-9) is not in CapWords
Variable WithAccessManagerRole.ACCESS_MANAGER (contracts/v2/access/WithAccessManagerRole.sol#11) is not in mixedCase
Function ICreditDelegationToken.DOMAIN_SEPARATOR() (contracts/v2/extensions/aave/ICreditDelegationToken.sol#74) is not in mixedCase
Function IMorphoBase.DOMAIN_SEPARATOR() (contracts/v2/extensions/morpho/IMorpho.sol#34) is not in mixedCase
Function ISparkLinearOracle.PT() (contracts/v2/extensions/morpho/ISparkLinearOracle.sol#7) is not in mixedCase
Function ITermMaxVaultFactoryV2.TERMMAX_VAULT_IMPLEMENTATION() (contracts/v2/factory/ITermMaxVaultFactoryV2.sol#15) is not in mixedCase
Variable TermMaxFactoryV2.TERMMAX_MARKET_IMPLEMENTATION (contracts/v2/factory/TermMaxFactoryV2.sol#35) is not in mixedCase
Parameter TermMaxPriceFeedFactoryV2.createPriceFeedWithERC4626(address,address)._assetPriceFeed (contracts/v2/factory/TermMaxPriceFeedFactoryV2.sol#27) is not in mixedCase
Parameter TermMaxPriceFeedFactoryV2.createPriceFeedWithERC4626(address,address)._vault (contracts/v2/factory/TermMaxPriceFeedFactoryV2.sol#27) is not in mixedCase
Parameter TermMaxPriceFeedFactoryV2.createPriceFeedConverter(address,address,address)._aTokenToBTokenPriceFeed (contracts/v2/factory/TermMaxPriceFeedFactoryV2.sol#44) is not in mixedCase
Parameter TermMaxPriceFeedFactoryV2.createPriceFeedConverter(address,address,address)._bTokenToCTokenPriceFeed (contracts/v2/factory/TermMaxPriceFeedFactoryV2.sol#45) is not in mixedCase
Parameter TermMaxPriceFeedFactoryV2.createPriceFeedConverter(address,address,address)._asset (contracts/v2/factory/TermMaxPriceFeedFactoryV2.sol#46) is not in mixedCase
Parameter TermMaxPriceFeedFactoryV2.createPTWithPriceFeed(address,address,uint32,address)._pendlePYLpOracle (contracts/v2/factory/TermMaxPriceFeedFactoryV2.sol#66) is not in mixedCase
Parameter TermMaxPriceFeedFactoryV2.createPTWithPriceFeed(address,address,uint32,address)._market (contracts/v2/factory/TermMaxPriceFeedFactoryV2.sol#66) is not in mixedCase
Parameter TermMaxPriceFeedFactoryV2.createPTWithPriceFeed(address,address,uint32,address)._duration (contracts/v2/factory/TermMaxPriceFeedFactoryV2.sol#66) is not in mixedCase
Parameter TermMaxPriceFeedFactoryV2.createPTWithPriceFeed(address,address,uint32,address)._priceFeed (contracts/v2/factory/TermMaxPriceFeedFactoryV2.sol#66) is not in mixedCase
Parameter TermMaxPriceFeedFactoryV2.createConstantPriceFeed(int256)._constantPrice (contracts/v2/factory/TermMaxPriceFeedFactoryV2.sol#82) is not in mixedCase
Variable TermMaxVaultFactoryV2.TERMMAX_VAULT_IMPLEMENTATION (contracts/v2/factory/TermMaxVaultFactoryV2.sol#21) is not in mixedCase
Parameter OracleAggregatorWithSequencerV2.setSequencerUptimeFeedAndGracePeriod(address,uint256)._sequencerUptimeFeed (contracts/v2/oracle/OracleAggregatorWithSequencerV2.sol#23) is not in mixedCase
Parameter OracleAggregatorWithSequencerV2.setSequencerUptimeFeedAndGracePeriod(address,uint256)._gracePeriodTime (contracts/v2/oracle/OracleAggregatorWithSequencerV2.sol#23) is not in mixedCase
Struct ISupraSValueFeed.priceFeed (contracts/v2/oracle/adapters/b2/ISupraSValueFeed.sol#6-11) is not in CapWords
Variable TermMaxPTPriceFeed.PY_LP_ORACLE (contracts/v2/oracle/priceFeeds/TermMaxPTPriceFeed.sol#25) is not in mixedCase
Variable TermMaxPTPriceFeed.MARKET (contracts/v2/oracle/priceFeeds/TermMaxPTPriceFeed.sol#27) is not in mixedCase
Variable TermMaxPTPriceFeed.DURATION (contracts/v2/oracle/priceFeeds/TermMaxPTPriceFeed.sol#29) is not in mixedCase
Variable TermMaxPTPriceFeed.PRICE_FEED (contracts/v2/oracle/priceFeeds/TermMaxPTPriceFeed.sol#31) is not in mixedCase
Variable TermMaxPTPriceFeed.PT_TO_SY_RATE_BASE (contracts/v2/oracle/priceFeeds/TermMaxPTPriceFeed.sol#34) is not in mixedCase
Variable TermMaxRouterV2.__deprecated_whitelistManager (contracts/v2/router/TermMaxRouterV2.sol#63) is not in mixedCase
Variable KyberswapV2AdapterV2.KYBER_SCALING_HELPER (contracts/v2/router/swapAdapters/KyberswapV2AdapterV2.sol#33) is not in mixedCase
Variable OndoSwapAdapter.USDon (contracts/v2/router/swapAdapters/OndoSwapAdapter.sol#19) is not in mixedCase
Parameter AddressCast.toBytes32(bytes)._addressBytes (contracts/v2/tokenomics/TMX.sol#368) is not in mixedCase
Parameter AddressCast.toBytes32(address)._address (contracts/v2/tokenomics/TMX.sol#377) is not in mixedCase
Parameter AddressCast.toBytes(bytes32,uint256)._addressBytes32 (contracts/v2/tokenomics/TMX.sol#381) is not in mixedCase
Parameter AddressCast.toBytes(bytes32,uint256)._size (contracts/v2/tokenomics/TMX.sol#381) is not in mixedCase
Parameter AddressCast.toAddress(bytes32)._addressBytes32 (contracts/v2/tokenomics/TMX.sol#392) is not in mixedCase
Parameter AddressCast.toAddress(bytes)._addressBytes (contracts/v2/tokenomics/TMX.sol#396) is not in mixedCase
Parameter PacketV1Codec.encode(Packet)._packet (contracts/v2/tokenomics/TMX.sol#428) is not in mixedCase
Parameter PacketV1Codec.encodePacketHeader(Packet)._packet (contracts/v2/tokenomics/TMX.sol#441) is not in mixedCase
Parameter PacketV1Codec.encodePayload(Packet)._packet (contracts/v2/tokenomics/TMX.sol#447) is not in mixedCase
Parameter PacketV1Codec.header(bytes)._packet (contracts/v2/tokenomics/TMX.sol#451) is not in mixedCase
Parameter PacketV1Codec.version(bytes)._packet (contracts/v2/tokenomics/TMX.sol#455) is not in mixedCase
Parameter PacketV1Codec.nonce(bytes)._packet (contracts/v2/tokenomics/TMX.sol#459) is not in mixedCase
Parameter PacketV1Codec.srcEid(bytes)._packet (contracts/v2/tokenomics/TMX.sol#463) is not in mixedCase
Parameter PacketV1Codec.sender(bytes)._packet (contracts/v2/tokenomics/TMX.sol#467) is not in mixedCase
Parameter PacketV1Codec.senderAddressB20(bytes)._packet (contracts/v2/tokenomics/TMX.sol#471) is not in mixedCase
Parameter PacketV1Codec.dstEid(bytes)._packet (contracts/v2/tokenomics/TMX.sol#475) is not in mixedCase
Parameter PacketV1Codec.receiver(bytes)._packet (contracts/v2/tokenomics/TMX.sol#479) is not in mixedCase
Parameter PacketV1Codec.receiverB20(bytes)._packet (contracts/v2/tokenomics/TMX.sol#483) is not in mixedCase
Parameter PacketV1Codec.guid(bytes)._packet (contracts/v2/tokenomics/TMX.sol#487) is not in mixedCase
Parameter PacketV1Codec.message(bytes)._packet (contracts/v2/tokenomics/TMX.sol#491) is not in mixedCase
Parameter PacketV1Codec.payload(bytes)._packet (contracts/v2/tokenomics/TMX.sol#495) is not in mixedCase
Parameter PacketV1Codec.payloadHash(bytes)._packet (contracts/v2/tokenomics/TMX.sol#499) is not in mixedCase
Parameter OAppOptionsType3.setEnforcedOptions(EnforcedOptionParam[])._enforcedOptions (contracts/v2/tokenomics/TMX.sol#785) is not in mixedCase
Parameter OAppOptionsType3.combineOptions(uint32,uint16,bytes)._eid (contracts/v2/tokenomics/TMX.sol#820) is not in mixedCase
Parameter OAppOptionsType3.combineOptions(uint32,uint16,bytes)._msgType (contracts/v2/tokenomics/TMX.sol#820) is not in mixedCase
Parameter OAppOptionsType3.combineOptions(uint32,uint16,bytes)._extraOptions (contracts/v2/tokenomics/TMX.sol#820) is not in mixedCase
Parameter OAppCore.setPeer(uint32,bytes32)._eid (contracts/v2/tokenomics/TMX.sol#899) is not in mixedCase
Parameter OAppCore.setPeer(uint32,bytes32)._peer (contracts/v2/tokenomics/TMX.sol#899) is not in mixedCase
Parameter OAppCore.setDelegate(address)._delegate (contracts/v2/tokenomics/TMX.sol#936) is not in mixedCase
Parameter OAppReceiver.isComposeMsgSender(Origin,bytes,address)._sender (contracts/v2/tokenomics/TMX.sol#985) is not in mixedCase
Parameter OAppReceiver.lzReceive(Origin,bytes32,bytes,address,bytes)._origin (contracts/v2/tokenomics/TMX.sol#1036) is not in mixedCase
Parameter OAppReceiver.lzReceive(Origin,bytes32,bytes,address,bytes)._guid (contracts/v2/tokenomics/TMX.sol#1037) is not in mixedCase
Parameter OAppReceiver.lzReceive(Origin,bytes32,bytes,address,bytes)._message (contracts/v2/tokenomics/TMX.sol#1038) is not in mixedCase
Parameter OAppReceiver.lzReceive(Origin,bytes32,bytes,address,bytes)._executor (contracts/v2/tokenomics/TMX.sol#1039) is not in mixedCase
Parameter OAppReceiver.lzReceive(Origin,bytes32,bytes,address,bytes)._extraData (contracts/v2/tokenomics/TMX.sol#1040) is not in mixedCase
Parameter PacketDecoder.decode(bytes)._packet (contracts/v2/tokenomics/TMX.sol#1649) is not in mixedCase
Parameter PacketDecoder.decode(bytes[],uint256[])._packets (contracts/v2/tokenomics/TMX.sol#1663) is not in mixedCase
Parameter PacketDecoder.decode(bytes[],uint256[])._packetMsgValues (contracts/v2/tokenomics/TMX.sol#1663) is not in mixedCase
Parameter OAppPreCrimeSimulator.setPreCrime(address)._preCrime (contracts/v2/tokenomics/TMX.sol#1807) is not in mixedCase
Parameter OAppPreCrimeSimulator.lzReceiveAndRevert(InboundPacket[])._packets (contracts/v2/tokenomics/TMX.sol#1820) is not in mixedCase
Parameter OAppPreCrimeSimulator.lzReceiveSimulate(Origin,bytes32,bytes,address,bytes)._origin (contracts/v2/tokenomics/TMX.sol#1856) is not in mixedCase
Parameter OAppPreCrimeSimulator.lzReceiveSimulate(Origin,bytes32,bytes,address,bytes)._guid (contracts/v2/tokenomics/TMX.sol#1857) is not in mixedCase
Parameter OAppPreCrimeSimulator.lzReceiveSimulate(Origin,bytes32,bytes,address,bytes)._message (contracts/v2/tokenomics/TMX.sol#1858) is not in mixedCase
Parameter OAppPreCrimeSimulator.lzReceiveSimulate(Origin,bytes32,bytes,address,bytes)._executor (contracts/v2/tokenomics/TMX.sol#1859) is not in mixedCase
Parameter OAppPreCrimeSimulator.lzReceiveSimulate(Origin,bytes32,bytes,address,bytes)._extraData (contracts/v2/tokenomics/TMX.sol#1860) is not in mixedCase
Parameter OFTComposeMsgCodec.encode(uint64,uint32,uint256,bytes)._nonce (contracts/v2/tokenomics/TMX.sol#2094) is not in mixedCase
Parameter OFTComposeMsgCodec.encode(uint64,uint32,uint256,bytes)._srcEid (contracts/v2/tokenomics/TMX.sol#2095) is not in mixedCase
Parameter OFTComposeMsgCodec.encode(uint64,uint32,uint256,bytes)._amountLD (contracts/v2/tokenomics/TMX.sol#2096) is not in mixedCase
Parameter OFTComposeMsgCodec.encode(uint64,uint32,uint256,bytes)._composeMsg (contracts/v2/tokenomics/TMX.sol#2097) is not in mixedCase
Parameter OFTComposeMsgCodec.nonce(bytes)._msg (contracts/v2/tokenomics/TMX.sol#2107) is not in mixedCase
Parameter OFTComposeMsgCodec.srcEid(bytes)._msg (contracts/v2/tokenomics/TMX.sol#2116) is not in mixedCase
Parameter OFTComposeMsgCodec.amountLD(bytes)._msg (contracts/v2/tokenomics/TMX.sol#2125) is not in mixedCase
Parameter OFTComposeMsgCodec.composeFrom(bytes)._msg (contracts/v2/tokenomics/TMX.sol#2134) is not in mixedCase
Parameter OFTComposeMsgCodec.composeMsg(bytes)._msg (contracts/v2/tokenomics/TMX.sol#2143) is not in mixedCase
Parameter OFTComposeMsgCodec.addressToBytes32(address)._addr (contracts/v2/tokenomics/TMX.sol#2152) is not in mixedCase
Parameter OFTComposeMsgCodec.bytes32ToAddress(bytes32)._b (contracts/v2/tokenomics/TMX.sol#2161) is not in mixedCase
Parameter OFTMsgCodec.encode(bytes32,uint64,bytes)._sendTo (contracts/v2/tokenomics/TMX.sol#2185) is not in mixedCase
Parameter OFTMsgCodec.encode(bytes32,uint64,bytes)._amountShared (contracts/v2/tokenomics/TMX.sol#2185) is not in mixedCase
Parameter OFTMsgCodec.encode(bytes32,uint64,bytes)._composeMsg (contracts/v2/tokenomics/TMX.sol#2185) is not in mixedCase
Parameter OFTMsgCodec.isComposed(bytes)._msg (contracts/v2/tokenomics/TMX.sol#2202) is not in mixedCase
Parameter OFTMsgCodec.sendTo(bytes)._msg (contracts/v2/tokenomics/TMX.sol#2211) is not in mixedCase
Parameter OFTMsgCodec.amountSD(bytes)._msg (contracts/v2/tokenomics/TMX.sol#2220) is not in mixedCase
Parameter OFTMsgCodec.composeMsg(bytes)._msg (contracts/v2/tokenomics/TMX.sol#2229) is not in mixedCase
Parameter OFTMsgCodec.addressToBytes32(address)._addr (contracts/v2/tokenomics/TMX.sol#2238) is not in mixedCase
Parameter OFTMsgCodec.bytes32ToAddress(bytes32)._b (contracts/v2/tokenomics/TMX.sol#2247) is not in mixedCase
Parameter OFTCore.setMsgInspector(address)._msgInspector (contracts/v2/tokenomics/TMX.sol#2338) is not in mixedCase
Parameter OFTCore.quoteOFT(SendParam)._sendParam (contracts/v2/tokenomics/TMX.sol#2350) is not in mixedCase
Parameter OFTCore.quoteSend(SendParam,bool)._sendParam (contracts/v2/tokenomics/TMX.sol#2382) is not in mixedCase
Parameter OFTCore.quoteSend(SendParam,bool)._payInLzToken (contracts/v2/tokenomics/TMX.sol#2382) is not in mixedCase
Parameter OFTCore.send(SendParam,MessagingFee,address)._sendParam (contracts/v2/tokenomics/TMX.sol#2414) is not in mixedCase
Parameter OFTCore.send(SendParam,MessagingFee,address)._fee (contracts/v2/tokenomics/TMX.sol#2414) is not in mixedCase
Parameter OFTCore.send(SendParam,MessagingFee,address)._refundAddress (contracts/v2/tokenomics/TMX.sol#2414) is not in mixedCase
Parameter OFTCore.isPeer(uint32,bytes32)._eid (contracts/v2/tokenomics/TMX.sol#2565) is not in mixedCase
Parameter OFTCore.isPeer(uint32,bytes32)._peer (contracts/v2/tokenomics/TMX.sol#2565) is not in mixedCase
Function AbstractGearingTokenV2.__AbstractGearingToken_init(string,string,GtConfig) (contracts/v2/tokens/AbstractGearingTokenV2.sol#106-121) is not in mixedCase
Function AbstractGearingTokenV2.__GearingToken_Implement_init(bytes) (contracts/v2/tokens/AbstractGearingTokenV2.sol#123) is not in mixedCase
Function AbstractGearingTokenV2.DOMAIN_SEPARATOR() (contracts/v2/tokens/AbstractGearingTokenV2.sol#692-694) is not in mixedCase
Function GearingTokenWithERC20V2.__GearingToken_Implement_init(bytes) (contracts/v2/tokens/GearingTokenWithERC20V2.sol#37-40) is not in mixedCase
Variable OrderManagerV2.ORDER_MANAGER_SINGLETON (contracts/v2/vault/OrderManagerV2.sol#39) is not in mixedCase
Variable TermMaxVaultV2.ORDER_MANAGER_SINGLETON (contracts/v2/vault/TermMaxVaultV2.sol#57) is not in mixedCase
Reference: https://github.com/crytic/slither/wiki/Detector-Documentation#conformance-to-solidity-naming-conventions

Detector: reentrancy-unlimited-gas
Reentrancy in TermMaxRewardContract.claimRewards(IERC20[],address) (contracts/v2/activity/TermMaxRewardContract.sol#61-85):
	External calls:
	- address(to).transfer(amounts[i]) (contracts/v2/activity/TermMaxRewardContract.sol#79)
	State variables written after the call(s):
	- delete profile.rewards[token] (contracts/v2/activity/TermMaxRewardContract.sol#77)
	Event emitted after the call(s):
	- RewardClaimed(msg.sender,to,tokens,amounts) (contracts/v2/activity/TermMaxRewardContract.sol#84)
Reference: https://github.com/crytic/slither/wiki/Detector-Documentation#reentrancy-vulnerabilities-5

Detector: unimplemented-functions
MockVToken (contracts/mocks/MockVToken.sol#8-271) does not implement functions:
	- IVToken.allowance(address,address) (contracts/v2/extensions/venus/IVToken.sol#76)
	- IVToken.approve(address,uint256) (contracts/v2/extensions/venus/IVToken.sol#70)
	- IVToken.balanceOf(address) (contracts/v2/extensions/venus/IVToken.sol#78)
	- IVToken.transfer(address,uint256) (contracts/v2/extensions/venus/IVToken.sol#45)
	- IVToken.transferFrom(address,address,uint256) (contracts/v2/extensions/venus/IVToken.sol#47)
Reference: https://github.com/crytic/slither/wiki/Detector-Documentation#unimplemented-functions

Detector: unindexed-event-address
Event FactoryEvents.SetGtImplement(bytes32,address) (contracts/v1/events/FactoryEvents.sol#17) has address parameters but no indexed parameters
Event OrderEvents.MakerOwnershipTransferred(address,address) (contracts/v1/events/OrderEvents.sol#107) has address parameters but no indexed parameters
Event RouterEvents.UpdateMarketWhiteList(address,bool) (contracts/v1/events/RouterEvents.sol#19) has address parameters but no indexed parameters
Event RouterEvents.UpdateSwapAdapterWhiteList(address,bool) (contracts/v1/events/RouterEvents.sol#26) has address parameters but no indexed parameters
Event VaultEvents.SubmitGuardian(address,uint64) (contracts/v1/events/VaultEvents.sol#16) has address parameters but no indexed parameters
Event VaultEvents.SetCurator(address) (contracts/v1/events/VaultEvents.sol#29) has address parameters but no indexed parameters
Event FactoryEventsV2.TermMax4626FactoryInitialized(address,address,address,address,address) (contracts/v2/events/FactoryEventsV2.sol#45-51) has address parameters but no indexed parameters
Event RouterEventsV2.WhitelistManagerUpdated(address) (contracts/v2/events/RouterEventsV2.sol#13) has address parameters but no indexed parameters
Event IGMTokenManager.TradeExecuted(uint256,uint256,uint256,bytes32,IGMTokenManager.QuoteSide,address,uint256,uint256,uint256,bytes32) (contracts/v2/extensions/ondo/IGMTokenManager.sol#68-79) has address parameters but no indexed parameters
Event PreTMX.TransferWhitelisted(address,bool,bool) (contracts/v2/tokenomics/PreTMX.sol#20) has address parameters but no indexed parameters
Event IMessageLibManager.LibraryRegistered(address) (contracts/v2/tokenomics/TMX.sol#23) has address parameters but no indexed parameters
Event IMessageLibManager.DefaultSendLibrarySet(uint32,address) (contracts/v2/tokenomics/TMX.sol#24) has address parameters but no indexed parameters
Event IMessageLibManager.DefaultReceiveLibrarySet(uint32,address) (contracts/v2/tokenomics/TMX.sol#25) has address parameters but no indexed parameters
Event IMessageLibManager.DefaultReceiveLibraryTimeoutSet(uint32,address,uint256) (contracts/v2/tokenomics/TMX.sol#26) has address parameters but no indexed parameters
Event IMessageLibManager.SendLibrarySet(address,uint32,address) (contracts/v2/tokenomics/TMX.sol#27) has address parameters but no indexed parameters
Event IMessageLibManager.ReceiveLibrarySet(address,uint32,address) (contracts/v2/tokenomics/TMX.sol#28) has address parameters but no indexed parameters
Event IMessageLibManager.ReceiveLibraryTimeoutSet(address,uint32,address,uint256) (contracts/v2/tokenomics/TMX.sol#29) has address parameters but no indexed parameters
Event IMessagingChannel.InboundNonceSkipped(uint32,bytes32,address,uint64) (contracts/v2/tokenomics/TMX.sol#86) has address parameters but no indexed parameters
Event IMessagingChannel.PacketNilified(uint32,bytes32,address,uint64,bytes32) (contracts/v2/tokenomics/TMX.sol#87) has address parameters but no indexed parameters
Event IMessagingChannel.PacketBurnt(uint32,bytes32,address,uint64,bytes32) (contracts/v2/tokenomics/TMX.sol#88) has address parameters but no indexed parameters
Event IMessagingComposer.ComposeSent(address,address,bytes32,uint16,bytes) (contracts/v2/tokenomics/TMX.sol#121) has address parameters but no indexed parameters
Event IMessagingComposer.ComposeDelivered(address,address,bytes32,uint16) (contracts/v2/tokenomics/TMX.sol#122) has address parameters but no indexed parameters
Event ILayerZeroEndpointV2.PacketSent(bytes,bytes,address) (contracts/v2/tokenomics/TMX.sol#197) has address parameters but no indexed parameters
Event ILayerZeroEndpointV2.PacketVerified(Origin,address,bytes32) (contracts/v2/tokenomics/TMX.sol#199) has address parameters but no indexed parameters
Event ILayerZeroEndpointV2.PacketDelivered(Origin,address) (contracts/v2/tokenomics/TMX.sol#201) has address parameters but no indexed parameters
Event ILayerZeroEndpointV2.LzTokenSet(address) (contracts/v2/tokenomics/TMX.sol#215) has address parameters but no indexed parameters
Event ILayerZeroEndpointV2.DelegateSet(address,address) (contracts/v2/tokenomics/TMX.sol#217) has address parameters but no indexed parameters
Event IOAppPreCrimeSimulator.PreCrimeSet(address) (contracts/v2/tokenomics/TMX.sol#1700) has address parameters but no indexed parameters
Event OFTCore.MsgInspectorSet(address) (contracts/v2/tokenomics/TMX.sol#2290) has address parameters but no indexed parameters
Reference: https://github.com/crytic/slither/wiki/Detector-Documentation#unindexed-event-address-parameters

Detector: unused-state
VaultStorage._guardian (contracts/v1/vault/VaultStorage.sol#18) is never used in OrderManager (contracts/v1/vault/OrderManager.sol#28-395)
VaultStorage._curator (contracts/v1/vault/VaultStorage.sol#19) is never used in OrderManager (contracts/v1/vault/OrderManager.sol#28-395)
VaultStorage._isAllocator (contracts/v1/vault/VaultStorage.sol#21) is never used in OrderManager (contracts/v1/vault/OrderManager.sol#28-395)
VaultStorage._marketWhitelist (contracts/v1/vault/VaultStorage.sol#22) is never used in OrderManager (contracts/v1/vault/OrderManager.sol#28-395)
VaultStorage._pendingMarkets (contracts/v1/vault/VaultStorage.sol#23) is never used in OrderManager (contracts/v1/vault/OrderManager.sol#28-395)
VaultStorage._pendingTimelock (contracts/v1/vault/VaultStorage.sol#25) is never used in OrderManager (contracts/v1/vault/OrderManager.sol#28-395)
VaultStorage._pendingPerformanceFeeRate (contracts/v1/vault/VaultStorage.sol#26) is never used in OrderManager (contracts/v1/vault/OrderManager.sol#28-395)
VaultStorage._pendingGuardian (contracts/v1/vault/VaultStorage.sol#27) is never used in OrderManager (contracts/v1/vault/OrderManager.sol#28-395)
VaultStorage._timelock (contracts/v1/vault/VaultStorage.sol#29) is never used in OrderManager (contracts/v1/vault/OrderManager.sol#28-395)
VaultStorage._maxCapacity (contracts/v1/vault/VaultStorage.sol#30) is never used in OrderManager (contracts/v1/vault/OrderManager.sol#28-395)
TermMaxRouterV2.__deprecated_whitelistManager (contracts/v2/router/TermMaxRouterV2.sol#63) is never used in TermMaxRouterV2 (contracts/v2/router/TermMaxRouterV2.sol#41-597)
VaultStorageV2._guardian (contracts/v2/vault/VaultStorageV2.sol#17) is never used in OrderManagerV2 (contracts/v2/vault/OrderManagerV2.sol#31-341)
VaultStorageV2._curator (contracts/v2/vault/VaultStorageV2.sol#18) is never used in OrderManagerV2 (contracts/v2/vault/OrderManagerV2.sol#31-341)
VaultStorageV2._pendingMarkets (contracts/v2/vault/VaultStorageV2.sol#21) is never used in OrderManagerV2 (contracts/v2/vault/OrderManagerV2.sol#31-341)
VaultStorageV2._pendingTimelock (contracts/v2/vault/VaultStorageV2.sol#23) is never used in OrderManagerV2 (contracts/v2/vault/OrderManagerV2.sol#31-341)
VaultStorageV2._pendingPerformanceFeeRate (contracts/v2/vault/VaultStorageV2.sol#24) is never used in OrderManagerV2 (contracts/v2/vault/OrderManagerV2.sol#31-341)
VaultStorageV2._pendingGuardian (contracts/v2/vault/VaultStorageV2.sol#25) is never used in OrderManagerV2 (contracts/v2/vault/OrderManagerV2.sol#31-341)
VaultStorageV2._pendingMinApy (contracts/v2/vault/VaultStorageV2.sol#26) is never used in OrderManagerV2 (contracts/v2/vault/OrderManagerV2.sol#31-341)
VaultStorageV2._pendingPool (contracts/v2/vault/VaultStorageV2.sol#27) is never used in OrderManagerV2 (contracts/v2/vault/OrderManagerV2.sol#31-341)
VaultStorageV2._timelock (contracts/v2/vault/VaultStorageV2.sol#29) is never used in OrderManagerV2 (contracts/v2/vault/OrderManagerV2.sol#31-341)
VaultStorageV2._maxCapacity (contracts/v2/vault/VaultStorageV2.sol#30) is never used in OrderManagerV2 (contracts/v2/vault/OrderManagerV2.sol#31-341)
Reference: https://github.com/crytic/slither/wiki/Detector-Documentation#unused-state-variable

Detector: cache-array-length
Loop condition i < _supplyQueue.length (contracts/v1/vault/OrderManager.sol#153) should use cached array length instead of referencing `length` member of the storage array.
 Reference: https://github.com/crytic/slither/wiki/Detector-Documentation#cache-array-length

Detector: constable-states
MockVToken.borrowRateMock (contracts/mocks/MockVToken.sol#17) should be constant 
MockVToken.supplyRateMock (contracts/mocks/MockVToken.sol#16) should be constant 
TermMaxRouterV2.__deprecated_whitelistManager (contracts/v2/router/TermMaxRouterV2.sol#63) should be constant 
VaultStorage._accretingPrincipal (contracts/v1/vault/VaultStorage.sol#35) should be constant 
VaultStorage._annualizedInterest (contracts/v1/vault/VaultStorage.sol#39) should be constant 
VaultStorage._curator (contracts/v1/vault/VaultStorage.sol#19) should be constant 
VaultStorage._guardian (contracts/v1/vault/VaultStorage.sol#18) should be constant 
VaultStorage._lastUpdateTime (contracts/v1/vault/VaultStorage.sol#51) should be constant 
VaultStorage._maxCapacity (contracts/v1/vault/VaultStorage.sol#30) should be constant 
VaultStorage._performanceFee (contracts/v1/vault/VaultStorage.sol#37) should be constant 
VaultStorage._performanceFeeRate (contracts/v1/vault/VaultStorage.sol#41) should be constant 
VaultStorage._timelock (contracts/v1/vault/VaultStorage.sol#29) should be constant 
VaultStorage._totalFt (contracts/v1/vault/VaultStorage.sol#33) should be constant 
VaultStorageV2._accretingPrincipal (contracts/v2/vault/VaultStorageV2.sol#35) should be constant 
VaultStorageV2._annualizedInterest (contracts/v2/vault/VaultStorageV2.sol#39) should be constant 
VaultStorageV2._curator (contracts/v2/vault/VaultStorageV2.sol#18) should be constant 
VaultStorageV2._guardian (contracts/v2/vault/VaultStorageV2.sol#17) should be constant 
VaultStorageV2._lastUpdateTime (contracts/v2/vault/VaultStorageV2.sol#60) should be constant 
VaultStorageV2._maxCapacity (contracts/v2/vault/VaultStorageV2.sol#30) should be constant 
VaultStorageV2._minApy (contracts/v2/vault/VaultStorageV2.sol#63) should be constant 
VaultStorageV2._performanceFee (contracts/v2/vault/VaultStorageV2.sol#37) should be constant 
VaultStorageV2._performanceFeeRate (contracts/v2/vault/VaultStorageV2.sol#57) should be constant 
VaultStorageV2._pool (contracts/v2/vault/VaultStorageV2.sol#41) should be constant 
VaultStorageV2._timelock (contracts/v2/vault/VaultStorageV2.sol#29) should be constant 
VaultStorageV2._totalFt (contracts/v2/vault/VaultStorageV2.sol#33) should be constant 
Reference: https://github.com/crytic/slither/wiki/Detector-Documentation#state-variables-that-could-be-declared-constant

Detector: var-read-using-this
The function OFTCore.quoteOFT(SendParam) (contracts/v2/tokenomics/TMX.sol#2350-2370) reads maxAmountLD = IERC20(this.token()).totalSupply() (contracts/v2/tokenomics/TMX.sol#2357) with `this` which adds an extra STATICCALL.
Reference: https://github.com/crytic/slither/wiki/Detector-Documentation#public-variable-read-in-external-context
. analyzed (404 contracts with 102 detectors), 940 result(s) found
INFO:Slither:/workspaces/solidity-security-lab/audits/termmax-v2/runs/current/slither.json exists already, the overwrite is prevented
--ignore-compile used, if something goes wrong, consider removing the ignore compile flag
'forge config --json' running
